{
  "creds": {
    "noiseKey": {
      "private": {
        "type": "Buffer",
        "data": "yAMrcC1CUuFVED8hygMUG6AFj0zCFHcrLPyG+J8sCks="
      },
      "public": {
        "type": "Buffer",
        "data": "qVyQHKVG7YIRGGzGo4PAUfdVlDuwaxVCULMQWi24t2k="
      }
    },
    "signedIdentityKey": {
      "private": {
        "type": "Buffer",
        "data": "eGFtrn87tuvhCQcU7Qk5dGWFaASpsUxC2be02yU4EFQ="
      },
      "public": {
        "type": "Buffer",
        "data": "1XyXC6oi/EmhP+K0Ck2HLDxBsqXCto/uncRHE8KM5Xc="
      }
    },
    "signedPreKey": {
      "keyPair": {
        "private": {
          "type": "Buffer",
          "data": "uP3L9R5DCvdNik73N7C51kA/4W15oTpa4PMcp9SYF0Y="
        },
        "public": {
          "type": "Buffer",
          "data": "zM12IveXIKIVylPz2qPUyjhDxvYpRhzemuG7Jxt1iDg="
        }
      },
      "signature": {
        "type": "Buffer",
        "data": "YpfNb0TAYSD8dpy7738ZKYAFhDVoiHPCki9XG9LsD8eItoxDCQIC10nTSlMG0t38heOCfJGRLUuBhQak1KnbjQ=="
      },
      "keyId": 1
    },
    "registrationId": 79,
    "advSecretKey": "nJL6F+l8jnE8du7iZ/XDvKkIrG4+OhypGm8zr7S8ht8=",
    "processedHistoryMessages": [
      {
        "key": {
          "remoteJid": "6283114544411@s.whatsapp.net",
          "fromMe": true,
          "id": "58B04D2E95153152BDE85870DE70FC12"
        },
        "messageTimestamp": 1678793565
      },
      {
        "key": {
          "remoteJid": "6283114544411@s.whatsapp.net",
          "fromMe": true,
          "id": "44C07ADBB757871D0B0C27C310B0B228"
        },
        "messageTimestamp": 1678793565
      },
      {
        "key": {
          "remoteJid": "6283114544411@s.whatsapp.net",
          "fromMe": true,
          "id": "C65300C7BD0A87E744AF5448A29F5630"
        },
        "messageTimestamp": 1678793572
      }
    ],
    "nextPreKeyId": 33,
    "firstUnuploadedPreKeyId": 33,
    "accountSettings": {
      "unarchiveChats": false
    },
    "account": {
      "details": "CPvU0fAEENe2waAGGAE=",
      "accountSignatureKey": "IIs8wFMNzQKXKO4hZQ2fW/1B8bTIjEG2+AwghTQ5AwU=",
      "accountSignature": "mvRzlakGn9Xt3zYz2qHIyVlOBOLr3jw0mltRZRRllcO+kuci1zIYaItDZZTGRKs8WEBJ5ehoI+qGBe32FHtNAQ==",
      "deviceSignature": "d+9upiVLkQzKn8aXKCQ1TCClaMA1Lgw6mjjbNztuyyigsh4miAg8hXZejXHoDmTWqyH1VYiuJZLrQmKNKXrZjQ=="
    },
    "me": {
      "id": "6283114544411:7@s.whatsapp.net",
      "name": "BOT AZURFLANE"
    },
    "signalIdentities": [
      {
        "identifier": {
          "name": "6283114544411:7@s.whatsapp.net",
          "deviceId": 0
        },
        "identifierKey": {
          "type": "Buffer",
          "data": "BSCLPMBTDc0ClyjuIWUNn1v9QfG0yIxBtvgMIIU0OQMF"
        }
      }
    ],
    "platform": "smba",
    "lastAccountSyncTimestamp": 1678793899,
    "myAppStateKeyId": "AAAAAG5j"
  },
  "keys": {
    "preKeys": {
      "1": null,
      "2": {
        "private": {
          "type": "Buffer",
          "data": "CM5fCLBYll2TRYeSxtuoZ2uAoh9hRY4TUrWpZ4WiC2M="
        },
        "public": {
          "type": "Buffer",
          "data": "9uWMVq34nszkojlKxp+VSMgTDZM0ZCis5gIrNhPOsDE="
        }
      },
      "3": {
        "private": {
          "type": "Buffer",
          "data": "+PAUf+Ig8uX3lMjA0bp0hzX+8f6iAuPZiDlKFQXm0n8="
        },
        "public": {
          "type": "Buffer",
          "data": "A3y+h8Npv7aiaODMoA9xb/yqPwxWiLZGT27A3ugBJHM="
        }
      },
      "4": {
        "private": {
          "type": "Buffer",
          "data": "QFM2x11x8eumP7rVZ6sx7Ae4mS1pPQYos5VvSg3frEg="
        },
        "public": {
          "type": "Buffer",
          "data": "r4it+ufDOzxiMDm+OiWsKM9VkAgRURk17Up9UntYjwY="
        }
      },
      "5": {
        "private": {
          "type": "Buffer",
          "data": "WI/n1afzuu88trp3VLBIL+q9QFn6UrfAXJNMETr7eW8="
        },
        "public": {
          "type": "Buffer",
          "data": "YgLH/WNb6XIJ72H1GMgdQStpaqEmzP2WiJgnDnRUpF8="
        }
      },
      "6": {
        "private": {
          "type": "Buffer",
          "data": "AKqx5osCi9rQOcSQ+VGyJ55KhtH2bdSPUaD2K8ipIn4="
        },
        "public": {
          "type": "Buffer",
          "data": "ekoMugVtVyQjoDfSTRgXoP+hhkUDg5O+hzZCd0HihQs="
        }
      },
      "7": {
        "private": {
          "type": "Buffer",
          "data": "qB3rlMHObxecGNm5ZZ2OQL9/v/kBgmbpGsVcN5yr/1I="
        },
        "public": {
          "type": "Buffer",
          "data": "01xOttedSW4wENsvK3CJTSmurR53XucmuepSK8QJuzk="
        }
      },
      "8": {
        "private": {
          "type": "Buffer",
          "data": "+GXJjjxRZ+pVooTtVTH1/5GWWLljp+hzBP+or+3ri3k="
        },
        "public": {
          "type": "Buffer",
          "data": "W/FVPAxWBfRgMZU5Pm/2u1w1Aczx+PcLEKf79tXY2V8="
        }
      },
      "9": null,
      "10": {
        "private": {
          "type": "Buffer",
          "data": "GOYC1LuJd6VJqmmUdQIYL54HrUCSGYu/2ZmTaIm/QnU="
        },
        "public": {
          "type": "Buffer",
          "data": "FEwtrugNzuU7e00Sq83vq6sqfvl1MV9vCKizmpNxnAg="
        }
      },
      "11": {
        "private": {
          "type": "Buffer",
          "data": "aNCMKSrCEtKgcJhnU3jo7CwLmezpw1ySVObHkukeWW0="
        },
        "public": {
          "type": "Buffer",
          "data": "4knBqqve+/Ma4usLoeWvIY2qrf68gMJY6BuTVHpG0lQ="
        }
      },
      "12": {
        "private": {
          "type": "Buffer",
          "data": "SHv56Ej3oVSw8t77XvNvOFp/MiWzsHq9Wh/KVkyhc0Y="
        },
        "public": {
          "type": "Buffer",
          "data": "+xu1DnizbeCfEYz13iDfoPj6Deg0Hz+ZVyWbtfzTLGg="
        }
      },
      "13": null,
      "14": {
        "private": {
          "type": "Buffer",
          "data": "yNfSxkxzaAgbJ1kOw1Tc27j72h5Fw1V2dZuqDIfH+Uo="
        },
        "public": {
          "type": "Buffer",
          "data": "lzcHH+GGR3C36nAA+xuElbwVTMxsD/IYtUtLfQBOAUs="
        }
      },
      "15": {
        "private": {
          "type": "Buffer",
          "data": "GO7YCGAF2x3FffUZCFardL6WnrFzD+/RIIZVRZLvk00="
        },
        "public": {
          "type": "Buffer",
          "data": "yNzin2jgaq9LRsNMisN0LVWy5RYvOFwqyEZtCov093w="
        }
      },
      "16": {
        "private": {
          "type": "Buffer",
          "data": "oCZMEfyz62UWgAuqH0IPWPu28Fw9DxQDSSmkyOfS70A="
        },
        "public": {
          "type": "Buffer",
          "data": "ztTIjqHp8AtNoYpFotJom1XBSOmPGF9tgeZPdNUc4n4="
        }
      },
      "17": {
        "private": {
          "type": "Buffer",
          "data": "0OAU1hChBHr6yX4/R+msYWURLafVe86lGc4bXdWjWX0="
        },
        "public": {
          "type": "Buffer",
          "data": "Smw1AWHjI/4Bs1ytfxgkPdnESKroMl4R5fx/6Zz6kmk="
        }
      },
      "18": {
        "private": {
          "type": "Buffer",
          "data": "qOIUAaXvdUzKT2RpYi845N/gXFKKfWIs9OFLOAAkbHQ="
        },
        "public": {
          "type": "Buffer",
          "data": "C29INtBc85Txj8x275lZAB9JSxJ993HcQUPtJ4HFtGY="
        }
      },
      "19": {
        "private": {
          "type": "Buffer",
          "data": "YDznC6xVhc3nQRmX0TzoquOnY3+9F4t3xcRMGyuxBH8="
        },
        "public": {
          "type": "Buffer",
          "data": "KpvjKb8dJpoha+5mdF0RDI6zrND8DVSHHYZfGI7GG0c="
        }
      },
      "20": null,
      "21": {
        "private": {
          "type": "Buffer",
          "data": "cOM0PDwyg2am1/wxcfxVKwvonnw178V2stS5hxEWT0o="
        },
        "public": {
          "type": "Buffer",
          "data": "rx/CXfjhcc3rKxVtuNjFYZQgrEQgdqhKqYQ37dS3dEA="
        }
      },
      "22": {
        "private": {
          "type": "Buffer",
          "data": "IFstzzGuvC97fQ1kqrmS9yippPYRRe5zonpqUsUlZU8="
        },
        "public": {
          "type": "Buffer",
          "data": "SviGUXQHudy0R7hgBntkGAr8T027RE7rMvDKyhMu/UY="
        }
      },
      "23": {
        "private": {
          "type": "Buffer",
          "data": "AIGSHrvMe+MBESGgjU06hWl9GTX1xHl4w5SJ3h7k2Gk="
        },
        "public": {
          "type": "Buffer",
          "data": "xcTSNP5SXwosN8XnGDB0AHJtpDVIdDeGrXsBjclIKGs="
        }
      },
      "24": {
        "private": {
          "type": "Buffer",
          "data": "mP5LPp5abrc49pkFKxeqr3PAnChnRA2YKMveyriBOEI="
        },
        "public": {
          "type": "Buffer",
          "data": "aapDg6o9NaY1OAfujxVdq8Y4ocFYCIEHt1XpnsaE3DM="
        }
      },
      "25": {
        "private": {
          "type": "Buffer",
          "data": "ABwJ4Lw6KlFCzUCSYJO4tU/GL74AyUkkWM3DsHhqoVA="
        },
        "public": {
          "type": "Buffer",
          "data": "g+CzDR/kClEn6N279Wo+yug4LGSnB6Dh8V8FCXmerl8="
        }
      },
      "26": {
        "private": {
          "type": "Buffer",
          "data": "sMaR0gYgWxnVfqdCqQqk1VUyxVEuLhHaFEIfZ69nAlY="
        },
        "public": {
          "type": "Buffer",
          "data": "Xxy634TYe5+fCalp5kAeiNO8fYP7ziO/+P/yPo7PdzY="
        }
      },
      "27": {
        "private": {
          "type": "Buffer",
          "data": "gGmO4qVowfE6K7ZWo1ViHxotF9UmvhE+Edhm60A6IGU="
        },
        "public": {
          "type": "Buffer",
          "data": "FdTV/cxBRRrBXd/G6N1Iiq/EBcW70f5ILpQxn2u+p1M="
        }
      },
      "28": {
        "private": {
          "type": "Buffer",
          "data": "QHujUBdhFCQ6QdVaWqjvw4MC4OddRLTVUquk1+eF/GQ="
        },
        "public": {
          "type": "Buffer",
          "data": "ddth56eJOLTWXsgvD1gvcRIMi+WG6EzHaGGXmI3UDkM="
        }
      },
      "29": null,
      "30": {
        "private": {
          "type": "Buffer",
          "data": "GM+iF47vvweSCJyP8TK7Hqd3G+7TzqSUxOtBTeM9AVw="
        },
        "public": {
          "type": "Buffer",
          "data": "BlqmzfmGG/IjATFTP0UBTAwd8in4JPVqRI2bUbM5jlo="
        }
      },
      "31": {
        "private": {
          "type": "Buffer",
          "data": "CDG/bNmavP/C1n6cN3DyS31cNOm6tXyfGei5uR9TBWw="
        },
        "public": {
          "type": "Buffer",
          "data": "MoaCsSLSut+tkrvbwyDVn/cQp899TmQIPtRsuGRi5Xs="
        }
      },
      "32": {
        "private": {
          "type": "Buffer",
          "data": "2PZQ74WOdPeHZ/zYbH+xjIR+ZDonZ5fT8kIOYb2P2WE="
        },
        "public": {
          "type": "Buffer",
          "data": "7zWInXp3Nr+xU5P4iILOQabiiGqzEGAbv1sycsD0xSQ="
        }
      }
    },
    "sessions": {
      "6283114544411.0": {
        "_sessions": {
          "BY0Rohc6HbLV5u+pBz9XaWH/3kaunZCjDX/kgaXrXU8R": {
            "registrationId": 824123610,
            "currentRatchet": {
              "ephemeralKeyPair": {
                "pubKey": "BeP/V2AajUMKHKYpQZ74f4l97e0KL5wTjmtYoCeUzh5I",
                "privKey": "mIeQOHXWtQr9vc2dPqYDe+5sXp9npevG6jLs1hGILHM="
              },
              "lastRemoteEphemeralKey": "BdWZUiBKpr4XrDubo/Xzg9VfdiU3FEH2iC9fx2hxPogD",
              "previousCounter": 16,
              "rootKey": "xIZKTioCRNd+VNCkmPmwFkahIj4QtZCjRuYwU1zOp4I="
            },
            "indexInfo": {
              "baseKey": "BY0Rohc6HbLV5u+pBz9XaWH/3kaunZCjDX/kgaXrXU8R",
              "baseKeyType": 2,
              "closed": -1,
              "used": 1678796669961,
              "created": 1678793564490,
              "remoteIdentityKey": "BSCLPMBTDc0ClyjuIWUNn1v9QfG0yIxBtvgMIIU0OQMF"
            },
            "_chains": {
              "BQPk65tRa//rbVn9w0phQR24cFfJ7e0JUoQemPa4fvxd": {
                "chainKey": {
                  "counter": 8
                },
                "chainType": 2,
                "messageKeys": {}
              },
              "BdWZUiBKpr4XrDubo/Xzg9VfdiU3FEH2iC9fx2hxPogD": {
                "chainKey": {
                  "counter": 0,
                  "key": "/gYzus1BJTPzoUFNM7551tHhBBgFSWNDu6q540MPO1E="
                },
                "chainType": 2,
                "messageKeys": {}
              },
              "BeP/V2AajUMKHKYpQZ74f4l97e0KL5wTjmtYoCeUzh5I": {
                "chainKey": {
                  "counter": 82,
                  "key": "YS9ekE7s3Mr7F4eDd4EdkdMPTHuwbCh9uOk09pMjOgY="
                },
                "chainType": 1,
                "messageKeys": {}
              }
            }
          }
        },
        "version": "v1"
      },
      "628813917475.0": {
        "_sessions": {
          "BU6y2alMlcJnr8iCocWbkhBwMLpj90iPlqbPFn3hEIRO": {
            "registrationId": 1886655903,
            "currentRatchet": {
              "ephemeralKeyPair": {
                "pubKey": "BVd+Q3fUU8n0JqTJC4QB83FFvNT9LCt1scRGs8qsrQ4l",
                "privKey": "QJmBa43AS8kDQMQRD68kKiPDxy236/vtwbohBM7AtXY="
              },
              "lastRemoteEphemeralKey": "BTWshcgQfqb/SjDHC7qkcJqh1rLABoSZtgU8BwgjVJVA",
              "previousCounter": 3,
              "rootKey": "UjYeQQwpayM5JNJ8Suih4DY8/qaAfQm1ODUoFw8ox08="
            },
            "indexInfo": {
              "baseKey": "BU6y2alMlcJnr8iCocWbkhBwMLpj90iPlqbPFn3hEIRO",
              "baseKeyType": 2,
              "closed": -1,
              "used": 1678810935304,
              "created": 1678793701556,
              "remoteIdentityKey": "BZ5E3DzW/bpb9pauGWXAs0d3oeCgFcCWcnjjkuh9YM0h"
            },
            "_chains": {
              "BYND2nXnDFRzTTZS+l3rDWrBL+Ai70wU+TfmIHTi4XQZ": {
                "chainKey": {
                  "counter": 0
                },
                "chainType": 2,
                "messageKeys": {}
              },
              "BUL+1ML3nDPy8moz7fBrzq1063yDug2yHB8AuvMF5wxY": {
                "chainKey": {
                  "counter": 0
                },
                "chainType": 2,
                "messageKeys": {}
              },
              "BWZ2nx0ZUnHEOjyqFUxWEzWfgiBsIXidhcCY3MbCVo4R": {
                "chainKey": {
                  "counter": 0
                },
                "chainType": 2,
                "messageKeys": {}
              },
              "BZkd2AmLMmLYdhcOGdjJbZ/DtW1oolcg4c9YuqpsTGc7": {
                "chainKey": {
                  "counter": 0
                },
                "chainType": 2,
                "messageKeys": {}
              },
              "BRntofgRxy1WxT3BSclR4TMOFXMpzl0SbtwhjsGG+Plm": {
                "chainKey": {
                  "counter": 0
                },
                "chainType": 2,
                "messageKeys": {}
              },
              "BTp/KqbUa8GjCN0J2FMoOnLxqFZeREvqcEBMl9ZoRBYF": {
                "chainKey": {
                  "counter": 0
                },
                "chainType": 2,
                "messageKeys": {}
              },
              "BZByr4F7yec0KGNn/cD7/+2plYYtQ7vpLg1LGrr16gcc": {
                "chainKey": {
                  "counter": 0
                },
                "chainType": 2,
                "messageKeys": {}
              },
              "BbuBZdakbzLJgck9Zi0+3mGeZIqAKBY8Z8jbxxb/tIFC": {
                "chainKey": {
                  "counter": 0
                },
                "chainType": 2,
                "messageKeys": {}
              },
              "Be9WTH/MvB75IFHVszgIMS8clc2EJKrXtDxjPl81WcUM": {
                "chainKey": {
                  "counter": 2
                },
                "chainType": 2,
                "messageKeys": {}
              },
              "BUAtV7JgjpMGp3b3AxaY7LfZJpkRmQyxn7ZywqDmIPh+": {
                "chainKey": {
                  "counter": 0
                },
                "chainType": 2,
                "messageKeys": {}
              },
              "BVJNuRNeUa8Y/4XpRqihg6bfgtzHsVMhIY5XGPj7wJQv": {
                "chainKey": {
                  "counter": 0
                },
                "chainType": 2,
                "messageKeys": {}
              },
              "BWA1b/9MvKWp7NqdeX1sZCP6x0jiIkfSb9gfEUqVp/NR": {
                "chainKey": {
                  "counter": 0
                },
                "chainType": 2,
                "messageKeys": {}
              },
              "BYoVkqKvhFD99/+7hIVG2riLE74OplgSC53hcpf8CSRH": {
                "chainKey": {
                  "counter": 0
                },
                "chainType": 2,
                "messageKeys": {}
              },
              "BfIO6KHfONSIVQnavDNUEdGeCgaQjVBqBGedbt+RzwpA": {
                "chainKey": {
                  "counter": 0
                },
                "chainType": 2,
                "messageKeys": {}
              },
              "BVc+d1qlMioGG0TTSdHed+Q1I+1K1KiUzo4AM5iyzNdF": {
                "chainKey": {
                  "counter": 0
                },
                "chainType": 2,
                "messageKeys": {}
              },
              "BUK7JX1c3UQdIYROT3i70E818KyaIrKC0wyEM9nUegB8": {
                "chainKey": {
                  "counter": 0
                },
                "chainType": 2,
                "messageKeys": {}
              },
              "BfflDiG4rb6D4Xhb+o1x+sSDlKta3IpeUJ8Qa+PxTaty": {
                "chainKey": {
                  "counter": 0
                },
                "chainType": 2,
                "messageKeys": {}
              },
              "BcV7ANWmHqJq6GqXDIsO8Q3xCDU1XAKWljKtl+u7iB44": {
                "chainKey": {
                  "counter": 0
                },
                "chainType": 2,
                "messageKeys": {}
              },
              "BfSS8CotUej3jXLM/0T//5003HG5dcMQI7jZSwhkTjp0": {
                "chainKey": {
                  "counter": 0
                },
                "chainType": 2,
                "messageKeys": {}
              },
              "BXbr1pWJsjaegnKwKI7jtiQBhMy5aq4jPD69hLwWGOhN": {
                "chainKey": {
                  "counter": 0
                },
                "chainType": 2,
                "messageKeys": {}
              },
              "BQQebo36AU/bue1hcqTpqatoZoHgtzgJgusCm0wt8d9i": {
                "chainKey": {
                  "counter": 0
                },
                "chainType": 2,
                "messageKeys": {}
              },
              "BT2+jI90ijT9Nr9MFgoB4OKLvlggxECqSq3Td65pshoK": {
                "chainKey": {
                  "counter": 1
                },
                "chainType": 2,
                "messageKeys": {}
              },
              "BaQuHHvK+pofUdbVHzpwGmD1p9HD+CZQuR00L5rY7kZw": {
                "chainKey": {
                  "counter": 1
                },
                "chainType": 2,
                "messageKeys": {}
              },
              "BeaeuMIx03iLqekZnprUpbHYP7KH4G1knoVYkGT+p3kM": {
                "chainKey": {
                  "counter": 1
                },
                "chainType": 2,
                "messageKeys": {}
              },
              "BaAwzxYn1E1TLdMfroLpOTHq9aZBkzZZkYkR0/jrjRpp": {
                "chainKey": {
                  "counter": 0
                },
                "chainType": 2,
                "messageKeys": {}
              },
              "BVrbgD34VHPl7pRwPVOu4BDE55TuLtE4okdI2GL/4qlF": {
                "chainKey": {
                  "counter": 0
                },
                "chainType": 2,
                "messageKeys": {}
              },
              "BVzx7mmbV1kQeBFEppZPyZyA6t6YQQvVEI7vaVDSYdYQ": {
                "chainKey": {
                  "counter": 1
                },
                "chainType": 2,
                "messageKeys": {}
              },
              "BXM0ZfbmriObZopllEqJFnFBoPHjEeiXL6hO27VkCfJ/": {
                "chainKey": {
                  "counter": 4
                },
                "chainType": 2,
                "messageKeys": {}
              },
              "Be9SzgMm/GcnLhCB9xyFT7lr/fQWQG2oQEyBwqeNLP1E": {
                "chainKey": {
                  "counter": 1
                },
                "chainType": 2,
                "messageKeys": {}
              },
              "BYfSCDlwbhVgi+40DGgg71348BNtwVzs921hoPU00kld": {
                "chainKey": {
                  "counter": 0
                },
                "chainType": 2,
                "messageKeys": {}
              },
              "BS2aC0sq8NEzPC3cgz3fiXm7vNlm2ht7Y8zYoXNWSw5g": {
                "chainKey": {
                  "counter": 0
                },
                "chainType": 2,
                "messageKeys": {}
              },
              "BUf1AjZwxP/CQFEoN3GV0T3QCtzGnzCWm4wetSLO8rg6": {
                "chainKey": {
                  "counter": 0
                },
                "chainType": 2,
                "messageKeys": {}
              },
              "BSSS6fw0Bri8FCvYexZH2t88m9SEsd50r7MaslUZBQku": {
                "chainKey": {
                  "counter": 0
                },
                "chainType": 2,
                "messageKeys": {}
              },
              "BYd+4x4w+qU5tNQBLpgxaAFr2pNcGO7n8q0q0/t1xhZa": {
                "chainKey": {
                  "counter": 0
                },
                "chainType": 2,
                "messageKeys": {}
              },
              "BWhvrmxFCVoX/rsfM9UCTKf9WFvijZGAPRM2n8XgO4cU": {
                "chainKey": {
                  "counter": 0
                },
                "chainType": 2,
                "messageKeys": {}
              },
              "BcrECFiSbxVAVAKDdOkXvLk+avIRRnJZTJWA2uEgp4IV": {
                "chainKey": {
                  "counter": 0
                },
                "chainType": 2,
                "messageKeys": {}
              },
              "BT3kkl70LEx1a8kbPNXYUme9z5U93kqkDf4d8MNSH8Ra": {
                "chainKey": {
                  "counter": 0
                },
                "chainType": 2,
                "messageKeys": {}
              },
              "BUWHKk/mjPDqkC8XptNSPpzcYN40JxhO5RJvIqzvf7Yp": {
                "chainKey": {
                  "counter": 0
                },
                "chainType": 2,
                "messageKeys": {}
              },
              "Ba0PacgSFZbmuwx0hJPjTOnDcQGiErqgmtg+9WA+RkdP": {
                "chainKey": {
                  "counter": 0
                },
                "chainType": 2,
                "messageKeys": {}
              },
              "Bd4qcXaivRYeQu99cUd0Qeh4ZE4dQTXfFRY4BT6NwNVa": {
                "chainKey": {
                  "counter": 0
                },
                "chainType": 2,
                "messageKeys": {}
              },
              "BXP11b+5plzm4ibacXec21GqCAIc8SFw8YVHnJGyw6Ui": {
                "chainKey": {
                  "counter": 0
                },
                "chainType": 2,
                "messageKeys": {}
              },
              "BTrPrd3RFt4P1C8mC40Z3FzOjl/8gxONaUlZOmE+HVkl": {
                "chainKey": {
                  "counter": 0
                },
                "chainType": 2,
                "messageKeys": {}
              },
              "BZPd+zTTfzzaIazmV3Uq/I1gXy42Qm1k2LfEhhEmMk0A": {
                "chainKey": {
                  "counter": 0
                },
                "chainType": 2,
                "messageKeys": {}
              },
              "Ba5PzN0S6RoNWHJzXJdW69q4IaB5v1khKz7qqyPavWdy": {
                "chainKey": {
                  "counter": 0
                },
                "chainType": 2,
                "messageKeys": {}
              },
              "BcMGgSL7jbRk0b5V0tQwy1IZGl1+run5lFHFmKyWPfxD": {
                "chainKey": {
                  "counter": 0
                },
                "chainType": 2,
                "messageKeys": {}
              },
              "BcEPIPVVzdKXLlfwvsfe0a1G5tf4PaEMVwD40h7zFK1I": {
                "chainKey": {
                  "counter": 4
                },
                "chainType": 2,
                "messageKeys": {}
              },
              "BeMUgRHbQqvB+b21n6IrXOLg7qyWO7Qvw8ontJS7bnlW": {
                "chainKey": {
                  "counter": 0
                },
                "chainType": 2,
                "messageKeys": {}
              },
              "BSYFMXTUlgzvcvQlxsRclHXvjkmi0M3fVC0vVYKsxQ4g": {
                "chainKey": {
                  "counter": 0
                },
                "chainType": 2,
                "messageKeys": {}
              },
              "BT3S4hH/EsenzCQeKhSv7n/Mh9Cd33NOoEx2ri0DThMm": {
                "chainKey": {
                  "counter": 0
                },
                "chainType": 2,
                "messageKeys": {}
              },
              "Be1O1sP9IHvHw1NgwK2DK8oE8WrFvObmUr1xhDlfPUlD": {
                "chainKey": {
                  "counter": 0
                },
                "chainType": 2,
                "messageKeys": {}
              },
              "BajzIcsMAXcaKSKgzbzSGLTUT/y+cbcuiiNizzt6if41": {
                "chainKey": {
                  "counter": 0
                },
                "chainType": 2,
                "messageKeys": {}
              },
              "Ba9Z4YaqqKfkUeJcsqV7lgzmXTonRziBq2QfZ/ERIXhr": {
                "chainKey": {
                  "counter": 0
                },
                "chainType": 2,
                "messageKeys": {}
              },
              "BSRfm/Iz7veWccGgxA2FrFQ7P8/EjyPPXCW7Gzjkh5k+": {
                "chainKey": {
                  "counter": 1
                },
                "chainType": 2,
                "messageKeys": {}
              },
              "BYMk2Ji9yIdujzFR40+nP8HEdlEJoxnRsL2wDJ06nwsv": {
                "chainKey": {
                  "counter": 0
                },
                "chainType": 2,
                "messageKeys": {}
              },
              "BdBSCh7nZTraVR9GsgfzT2UkzaC0ozelNBXiq9N3Tz9W": {
                "chainKey": {
                  "counter": 1
                },
                "chainType": 2,
                "messageKeys": {}
              },
              "Bb3Mxvzb+oBLwONu6/L87/Ftk/UJU6YRvazn/VvGLRBo": {
                "chainKey": {
                  "counter": 0
                },
                "chainType": 2,
                "messageKeys": {}
              },
              "Bb/jKXGDbmfrKS0bybk5x9iCAFT1K/00jtxTS8i4H75I": {
                "chainKey": {
                  "counter": 0
                },
                "chainType": 2,
                "messageKeys": {}
              },
              "BcQeYKf3vscs+WrLlAq50XZoOOS65+GB4CXnGoJh6ewP": {
                "chainKey": {
                  "counter": 0
                },
                "chainType": 2,
                "messageKeys": {}
              },
              "BdekuJzBT7ZVI5yjej9IJ8+Gp5m1QZIzctqCps6nZqdN": {
                "chainKey": {
                  "counter": 0
                },
                "chainType": 2,
                "messageKeys": {}
              },
              "BUp80xYMxrNyYZFdhprdYvTcJGHSfL/902m64RJU99I8": {
                "chainKey": {
                  "counter": 0
                },
                "chainType": 2,
                "messageKeys": {}
              },
              "BY2cTefwC6eCT47rXAw0gs48EX5xz7DsoEC+vvL7nqEo": {
                "chainKey": {
                  "counter": 0
                },
                "chainType": 2,
                "messageKeys": {}
              },
              "BdHSv4ex0eJgbllnhKgbExFzKJdiR/bnCJR/4u+D7SUF": {
                "chainKey": {
                  "counter": 2
                },
                "chainType": 2,
                "messageKeys": {}
              },
              "BbLK1RLk6yFknFSIzajOGEhySYb81UAWray8fCMwShAX": {
                "chainKey": {
                  "counter": 0
                },
                "chainType": 2,
                "messageKeys": {}
              },
              "BbpG39b3dsWTxJnx3ER2K3jlcEvd005OAalhrsdPF9oo": {
                "chainKey": {
                  "counter": 0
                },
                "chainType": 2,
                "messageKeys": {}
              },
              "BeQLyNksIupgMgQXhpAYITJohEhIbQOK/IMjL9ZpZRxF": {
                "chainKey": {
                  "counter": 0
                },
                "chainType": 2,
                "messageKeys": {}
              },
              "BTWshcgQfqb/SjDHC7qkcJqh1rLABoSZtgU8BwgjVJVA": {
                "chainKey": {
                  "counter": 0,
                  "key": "uirxv0aDkqWjuGswQZriVhTMLawe+wIt+nAHqrQIfOc="
                },
                "chainType": 2,
                "messageKeys": {}
              },
              "BVd+Q3fUU8n0JqTJC4QB83FFvNT9LCt1scRGs8qsrQ4l": {
                "chainKey": {
                  "counter": 3,
                  "key": "/ohBFSfcWuG1Gjrdcz1dIQqoHGCzr62OcaD0TiSFEtU="
                },
                "chainType": 1,
                "messageKeys": {}
              }
            }
          }
        },
        "version": "v1"
      },
      "6285800160856.0": {
        "_sessions": {
          "BYId+Z2YFwb8zTYA1IBp3kQZQQG3LLQxhc2Z4WD0yLQC": {
            "registrationId": 580162517,
            "currentRatchet": {
              "ephemeralKeyPair": {
                "pubKey": "BVVYbRTMvGM7PdZAd4qtwWx+GRHZNL5GErETcC9NiM0s",
                "privKey": "wCXkj9rUk//DZdBGsizcn0ezbtF+4wMLAb7uyDX8VmU="
              },
              "lastRemoteEphemeralKey": "BeQOuJR868dwwcL+vQPU5OqVwFkEHaPX3gTUa/hs5Vo9",
              "previousCounter": 1,
              "rootKey": "ZiLjG/0g2ybqWxdPUOBUmhyef2N27L15g736UOfxH4g="
            },
            "indexInfo": {
              "baseKey": "BYId+Z2YFwb8zTYA1IBp3kQZQQG3LLQxhc2Z4WD0yLQC",
              "baseKeyType": 2,
              "closed": -1,
              "used": 1678796721160,
              "created": 1678796384097,
              "remoteIdentityKey": "BeFmjRE9StjhScOIhtqrwb8NENxykg4G+qUez1rEyjx/"
            },
            "_chains": {
              "Bal1rQWdXq+BZY9xUug4sSiVe1WS56ikxnGyAYuat2Fq": {
                "chainKey": {
                  "counter": 0
                },
                "chainType": 2,
                "messageKeys": {}
              },
              "BRUnCiKu496/3vlIt6Wa5zQMqqq3uQrlvM+dHPVBSHh3": {
                "chainKey": {
                  "counter": 0
                },
                "chainType": 2,
                "messageKeys": {}
              },
              "BXp2AtLDyjafRNu83gzzTI8rNXwNB+tI3k9iisWDuPNT": {
                "chainKey": {
                  "counter": 0
                },
                "chainType": 2,
                "messageKeys": {}
              },
              "BeQOuJR868dwwcL+vQPU5OqVwFkEHaPX3gTUa/hs5Vo9": {
                "chainKey": {
                  "counter": 0,
                  "key": "2BEHmC+WWE7MpITYNXmcDgjSPt/newsl75DBsrm5l1I="
                },
                "chainType": 2,
                "messageKeys": {}
              },
              "BVVYbRTMvGM7PdZAd4qtwWx+GRHZNL5GErETcC9NiM0s": {
                "chainKey": {
                  "counter": -1,
                  "key": "mLJhG+oR1GibDlRgJPYPuAzlqID12huu1lU9+lmRzHk="
                },
                "chainType": 1,
                "messageKeys": {}
              }
            }
          }
        },
        "version": "v1"
      },
      "6281779957671:1.0": {
        "_sessions": {
          "BX4Zjd0jbiNDyP03wI1Pjz7ewF6OO9uj3KH5xX5tdgtn": {
            "registrationId": 816093650,
            "currentRatchet": {
              "ephemeralKeyPair": {
                "pubKey": "BcVoUhuAUAlrk25HcCBgIkfXH1DQgvsrD7IBkLEmTqQA",
                "privKey": "yCh9fCSxsG7YvwXQhyHy/okuk4kx0D4VP0bSKPy3O28="
              },
              "lastRemoteEphemeralKey": "BR/ouExYZBMyuOYqzZHqCLxIBaJn9nRyZiB8DdqpATJM",
              "previousCounter": 0,
              "rootKey": "Aq53lQwgQb4Uv3WwuDeBe2QCe48+VzGfa/3DEwcKiwc="
            },
            "indexInfo": {
              "baseKey": "BX4Zjd0jbiNDyP03wI1Pjz7ewF6OO9uj3KH5xX5tdgtn",
              "baseKeyType": 1,
              "closed": -1,
              "used": 1678800252812,
              "created": 1678797016067,
              "remoteIdentityKey": "BdSz422VOeWwzewYhZpKEQY31rNA7uc82PKoTAMdxqhF"
            },
            "_chains": {
              "BUyA4tO9Bkbk6b2lkcTpl6cwoKP87ZbTPY+YPtzmXO8t": {
                "chainKey": {
                  "counter": 0
                },
                "chainType": 2,
                "messageKeys": {}
              },
              "BR/ouExYZBMyuOYqzZHqCLxIBaJn9nRyZiB8DdqpATJM": {
                "chainKey": {
                  "counter": 0,
                  "key": "sYT+IqNzt70XmPDMXNz1XL3QmsIPUR38MwpKtpjQAx4="
                },
                "chainType": 2,
                "messageKeys": {}
              },
              "BcVoUhuAUAlrk25HcCBgIkfXH1DQgvsrD7IBkLEmTqQA": {
                "chainKey": {
                  "counter": -1,
                  "key": "Cdz+Jx4N3coSxOpqoJVL6+JYKMSkLwVjIrTEzYICpvs="
                },
                "chainType": 1,
                "messageKeys": {}
              }
            }
          }
        },
        "version": "v1"
      },
      "62812189768918.0": {
        "_sessions": {
          "BXCjMpn1xD3FquwgCg+3FHy0nsDzrj9ZLI+7p6natApZ": {
            "registrationId": 1638116855,
            "currentRatchet": {
              "ephemeralKeyPair": {
                "pubKey": "BdEctyUiR9nN+PtIc2Jpmrc3Z4mmKMId1fLgI+ePOPxh",
                "privKey": "6HkeQla651zZoEoXr5mhqF6OXqGkvwMZBb45ix16gHQ="
              },
              "lastRemoteEphemeralKey": "BS7gpZVItv1NDoNdhNUhHbxfnqaF51k0Yn+ygw4D3RpP",
              "previousCounter": 0,
              "rootKey": "PhAFlA8O/2bLEe/KKCEm1+pW9v44kYmYY+6Zvp4VpAE="
            },
            "indexInfo": {
              "baseKey": "BXCjMpn1xD3FquwgCg+3FHy0nsDzrj9ZLI+7p6natApZ",
              "baseKeyType": 1,
              "closed": -1,
              "used": 1678797016070,
              "created": 1678797016070,
              "remoteIdentityKey": "BVFl5u7WcAUKg84S5RzUGwxuVpi2MJIncANLdpo2oUdx"
            },
            "_chains": {
              "BdEctyUiR9nN+PtIc2Jpmrc3Z4mmKMId1fLgI+ePOPxh": {
                "chainKey": {
                  "counter": 1,
                  "key": "dL62X1EQibAIQBuwY9drHgdpkSGivjzwsmi+w1w79/c="
                },
                "chainType": 1,
                "messageKeys": {}
              }
            },
            "pendingPreKey": {
              "signedKeyId": 2,
              "baseKey": "BXCjMpn1xD3FquwgCg+3FHy0nsDzrj9ZLI+7p6natApZ",
              "preKeyId": 6912803
            }
          }
        },
        "version": "v1"
      },
      "6281779957671.0": {
        "_sessions": {
          "BaM9tNEbPjpJMrBI+stb2jVUhTPE8nYd7FQS1OukCNhl": {
            "registrationId": 763261200,
            "currentRatchet": {
              "ephemeralKeyPair": {
                "pubKey": "BZiFF73TOKRJLS15ypryhGhXbCK1yMrf+KMldhBK16IO",
                "privKey": "6IKL94lyfv2+e49nSfFGz2teJnMk0JuBvxLYiUtOV2Q="
              },
              "lastRemoteEphemeralKey": "BWZkmmDu7L9D+WB1Ih1TCXSZz4fTrzl9zYNCm1XU4Ps+",
              "previousCounter": 0,
              "rootKey": "yCr/ML1wcacn3XNpcs1WqnHaNnXspge7o1Uvybjcd1w="
            },
            "indexInfo": {
              "baseKey": "BaM9tNEbPjpJMrBI+stb2jVUhTPE8nYd7FQS1OukCNhl",
              "baseKeyType": 1,
              "closed": -1,
              "used": 1678797016074,
              "created": 1678797016074,
              "remoteIdentityKey": "BfWYOPJE01tP51gOtSreNqMXbPaUcWh/jpzCGwBwzC1f"
            },
            "_chains": {
              "BZiFF73TOKRJLS15ypryhGhXbCK1yMrf+KMldhBK16IO": {
                "chainKey": {
                  "counter": 1,
                  "key": "pUL3TmKq/6VmIha9C/XskfUvFwBnYbEd4A96QRPHjxo="
                },
                "chainType": 1,
                "messageKeys": {}
              }
            },
            "pendingPreKey": {
              "signedKeyId": 1,
              "baseKey": "BaM9tNEbPjpJMrBI+stb2jVUhTPE8nYd7FQS1OukCNhl",
              "preKeyId": 7733040
            }
          }
        },
        "version": "v1"
      },
      "6285736283277.0": {
        "_sessions": {
          "BX5aJZm8v8W+ysoWj4lEQjzbAO+vbSKTqvZSpOiauu9G": {
            "registrationId": 1989404746,
            "currentRatchet": {
              "ephemeralKeyPair": {
                "pubKey": "BVN3Jh3koLpC9hY6i6oKs3EvzAsFg4KM1fZr9FNS9bJi",
                "privKey": "0K5HswZTtFJGXdR7jtVMQkOLSSRNMzk8L0TiyH18h0k="
              },
              "lastRemoteEphemeralKey": "BQ1/FNgp2vJsNyAOgI66EMwP0fL1AFNVfQKlNeoUybBw",
              "previousCounter": 0,
              "rootKey": "pi/PBnwPzzsyD5txcvoF34d3bObAbxZaMWcmlw6yJ7I="
            },
            "indexInfo": {
              "baseKey": "BX5aJZm8v8W+ysoWj4lEQjzbAO+vbSKTqvZSpOiauu9G",
              "baseKeyType": 1,
              "closed": -1,
              "used": 1678797088081,
              "created": 1678797016077,
              "remoteIdentityKey": "BXBM4XOrpKBBiym2jXhGFyJE0UhwSJToDMjBDpEuwopw"
            },
            "_chains": {
              "BQ1/FNgp2vJsNyAOgI66EMwP0fL1AFNVfQKlNeoUybBw": {
                "chainKey": {
                  "counter": 0,
                  "key": "4aa2vYDqT26ujgH+pXTNHsVDBxpIm9oUIMTLtXmd6uo="
                },
                "chainType": 2,
                "messageKeys": {}
              },
              "BVN3Jh3koLpC9hY6i6oKs3EvzAsFg4KM1fZr9FNS9bJi": {
                "chainKey": {
                  "counter": 0,
                  "key": "q/CHsIkUB9sV+x88XrpcH1+eqND5sp//zIvgte9AATM="
                },
                "chainType": 1,
                "messageKeys": {}
              }
            }
          }
        },
        "version": "v1"
      },
      "62859102802860.0": {
        "_sessions": {
          "BZmoNJts43IWB72tWa7wXSLlwv8J6yIqngftlodqMt0e": {
            "registrationId": 1917030818,
            "currentRatchet": {
              "ephemeralKeyPair": {
                "pubKey": "BcGKfv/EFKD2w4dEKOjslDNIraui6BpLKrJ1qZy8pW8p",
                "privKey": "IN5H2+RlXwpHNNdqWcpveBjqK9/kCKSK3idRoxuHSkc="
              },
              "lastRemoteEphemeralKey": "BWX1JL0cltCuLXQlEp0FOq/QM96H+wqlbmYRQWUng5Zb",
              "previousCounter": 0,
              "rootKey": "pvv6wg08eoro2fi8YMFTgNkNzR6zwfhGGPdavpHEW1U="
            },
            "indexInfo": {
              "baseKey": "BZmoNJts43IWB72tWa7wXSLlwv8J6yIqngftlodqMt0e",
              "baseKeyType": 1,
              "closed": -1,
              "used": 1678797099679,
              "created": 1678797016081,
              "remoteIdentityKey": "BXEJFs8wdFIXesjB7jO3UhxgmZa+E9XSxBT+H4uE8Gpv"
            },
            "_chains": {
              "BWX1JL0cltCuLXQlEp0FOq/QM96H+wqlbmYRQWUng5Zb": {
                "chainKey": {
                  "counter": 0,
                  "key": "rJyWuknQw+WW3H+ZJqBs993opYsgcQQPhSADmqLhlHw="
                },
                "chainType": 2,
                "messageKeys": {}
              },
              "BcGKfv/EFKD2w4dEKOjslDNIraui6BpLKrJ1qZy8pW8p": {
                "chainKey": {
                  "counter": -1,
                  "key": "fN1i8FeRJdnVvuZmn0kIb7bO4XdcIvlTtiHe2jsVGIQ="
                },
                "chainType": 1,
                "messageKeys": {}
              }
            }
          }
        },
        "version": "v1"
      },
      "62881037392386.0": {
        "_sessions": {
          "Ba1MN/NYO6okIua/aUxR+lqLVqcOp7gRvBB2yv3FZdcX": {
            "registrationId": 1037557500,
            "currentRatchet": {
              "ephemeralKeyPair": {
                "pubKey": "BYuUxYOrySW9SWCP4e/NCRDxZxaj26WyZRQMFBPYUOZ2",
                "privKey": "kHVBK2zf14Nqy/giyFsjNy5OYIhJclQcH5tSqd3pdmA="
              },
              "lastRemoteEphemeralKey": "BYessda9RZDCaVax3NJaMz08zVSNDgFPqdOhHWSkvxhQ",
              "previousCounter": 0,
              "rootKey": "r2xWr0vKTGGGvx15XYigdDeULsPYWmedBGsaSzHoxeI="
            },
            "indexInfo": {
              "baseKey": "Ba1MN/NYO6okIua/aUxR+lqLVqcOp7gRvBB2yv3FZdcX",
              "baseKeyType": 1,
              "closed": -1,
              "used": 1678804846104,
              "created": 1678797016084,
              "remoteIdentityKey": "BWtKMB+rhcvurRLNWlp9/GKrpDPPXQMMoK0gVgBZeHsv"
            },
            "_chains": {
              "BYessda9RZDCaVax3NJaMz08zVSNDgFPqdOhHWSkvxhQ": {
                "chainKey": {
                  "counter": 0,
                  "key": "pFfMXB061w+3PdEVqZbVctGuDKPkyCaZCHFpMxmdyAA="
                },
                "chainType": 2,
                "messageKeys": {}
              },
              "BYuUxYOrySW9SWCP4e/NCRDxZxaj26WyZRQMFBPYUOZ2": {
                "chainKey": {
                  "counter": -1,
                  "key": "T6LpcDrZhDcT1QVslMd3KCCCO43Lo8GpSGsj5H1yApA="
                },
                "chainType": 1,
                "messageKeys": {}
              }
            }
          }
        },
        "version": "v1"
      },
      "6282384904453.0": {
        "_sessions": {
          "BYIe+54dC71FznGo+ra4zkPogqTW39LXvI/BsknHbJNC": {
            "registrationId": 1742970544,
            "currentRatchet": {
              "ephemeralKeyPair": {
                "pubKey": "BevIO5ZmdsAmVm+ASswvSb0L1MLj2jpICZTiQMGkkjEW",
                "privKey": "EGg9OPCLy/NDhl/vSFyLprMJB6Tyg9RwiKEhMyQXxGI="
              },
              "lastRemoteEphemeralKey": "BYDjD1pEqwqUFEV6XAOjO0GxhrQRID49JzVyOOBiPxMm",
              "previousCounter": 0,
              "rootKey": "m/f5x7ffRGBm/vBKVXJ/b/kplFIQR49hFXE5NHJyuJM="
            },
            "indexInfo": {
              "baseKey": "BYIe+54dC71FznGo+ra4zkPogqTW39LXvI/BsknHbJNC",
              "baseKeyType": 2,
              "closed": -1,
              "used": 1678799223035,
              "created": 1678799223035,
              "remoteIdentityKey": "BV/rLBgSM+G8BiN1zwk0IXrcJHRrqxfr0/oqUu072k4s"
            },
            "_chains": {
              "BYDjD1pEqwqUFEV6XAOjO0GxhrQRID49JzVyOOBiPxMm": {
                "chainKey": {
                  "counter": 1,
                  "key": "WdPNmnf7c1zngCy6R5dmxHTMHkhPkCzR3KWq6H0sNOY="
                },
                "chainType": 2,
                "messageKeys": {}
              },
              "BevIO5ZmdsAmVm+ASswvSb0L1MLj2jpICZTiQMGkkjEW": {
                "chainKey": {
                  "counter": -1,
                  "key": "gkAEttN27gMt7GslPWGmwiryDvkndivmp5gbGBvR8cA="
                },
                "chainType": 1,
                "messageKeys": {}
              }
            }
          }
        },
        "version": "v1"
      },
      "6289529681394.0": {
        "_sessions": {
          "BTUukwdFFtaEKI5iNeYBChsPPi5UwoVAz7PHzfSiltJ/": {
            "registrationId": 651576479,
            "currentRatchet": {
              "ephemeralKeyPair": {
                "pubKey": "BZ3J8HWYLpBaLJk2JzMHTdx3kNuZhlhugc+m+WtzjJ1u",
                "privKey": "6Kjp99LiiWMmmn7U9YsMTvbpv32oydB9j62zYytppEg="
              },
              "lastRemoteEphemeralKey": "BQ/ONh1qrz4+/aqYiFIeuGkgOw08qFD5uY1NY0ElZQIX",
              "previousCounter": 0,
              "rootKey": "3n8NuDR6FAJtAqn4NDYwQz+qUoEQnEctskpT0ZPkyIw="
            },
            "indexInfo": {
              "baseKey": "BTUukwdFFtaEKI5iNeYBChsPPi5UwoVAz7PHzfSiltJ/",
              "baseKeyType": 2,
              "closed": -1,
              "used": 1678809848086,
              "created": 1678809848086,
              "remoteIdentityKey": "BTCCFfQlBhPfZG9XwYaWWm6gqL9RREjzHdHIjgnSbdR+"
            },
            "_chains": {
              "BQ/ONh1qrz4+/aqYiFIeuGkgOw08qFD5uY1NY0ElZQIX": {
                "chainKey": {
                  "counter": 1,
                  "key": "Gewi0STLNsYIZHPXLRMGCubdt25RGJIy8e+YSXO7iT4="
                },
                "chainType": 2,
                "messageKeys": {}
              },
              "BZ3J8HWYLpBaLJk2JzMHTdx3kNuZhlhugc+m+WtzjJ1u": {
                "chainKey": {
                  "counter": -1,
                  "key": "fa3TS6u2ejmtBtUfk7M6XXx4fNbBqmASBrH6M1jo03M="
                },
                "chainType": 1,
                "messageKeys": {}
              }
            }
          }
        },
        "version": "v1"
      },
      "62895340050415.0": {
        "_sessions": {
          "Bd1LDdNmaga2TM301z2Y09iG2O1dA2EyWoNsniGzIdUr": {
            "registrationId": 1799448567,
            "currentRatchet": {
              "ephemeralKeyPair": {
                "pubKey": "BQxC7vnk3DqDndLcHpPmyui56QJSJWQK3JAATs2LDGAP",
                "privKey": "eOSVc3DOxzg3leDjQASfhrU7Ml4GqnQvHuMYdbo1y18="
              },
              "lastRemoteEphemeralKey": "Ba77AcLh56lm2RbeR8KObaNzYhXg7lkzM9TspfIle/Fq",
              "previousCounter": 0,
              "rootKey": "OsaKHvO6SVfmv4nKk6WQQ6oeq5ug1Ewb8oenQ3fZr60="
            },
            "indexInfo": {
              "baseKey": "Bd1LDdNmaga2TM301z2Y09iG2O1dA2EyWoNsniGzIdUr",
              "baseKeyType": 1,
              "closed": -1,
              "used": 1678810340124,
              "created": 1678810340124,
              "remoteIdentityKey": "BZFSeNu9Jm+Npzx+HekSqt0O8/GAO2XgSLtHCVPRCjNJ"
            },
            "_chains": {
              "BQxC7vnk3DqDndLcHpPmyui56QJSJWQK3JAATs2LDGAP": {
                "chainKey": {
                  "counter": 0,
                  "key": "3D7lmp5eK6v8L7bgejznqQWAjpTBSpCps/1lG5hYbVo="
                },
                "chainType": 1,
                "messageKeys": {}
              }
            },
            "pendingPreKey": {
              "signedKeyId": 25,
              "baseKey": "Bd1LDdNmaga2TM301z2Y09iG2O1dA2EyWoNsniGzIdUr",
              "preKeyId": 11692164
            }
          }
        },
        "version": "v1"
      },
      "62895371122727.0": {
        "_sessions": {
          "BVy0236f+FAl/THQXs16qcDHCQxhFW/mLVVYFOhkFLo1": {
            "registrationId": 1565581113,
            "currentRatchet": {
              "ephemeralKeyPair": {
                "pubKey": "BVJgP0PTer1tcqumMAYBBoma0h0YhGls04yh4cUkqFJF",
                "privKey": "KOtvBXa/cFCugycGCev10p2zP7XlDMhwAfZFIGJhGXc="
              },
              "lastRemoteEphemeralKey": "BQVdGs4p0tMLVcLI2vk+KkUPzLoktmNdyWH6m4JSIThA",
              "previousCounter": 0,
              "rootKey": "ZU6iWP5wrRqc+hm++Q01Vr9hCXSIZ9PpXvOW5AgscdM="
            },
            "indexInfo": {
              "baseKey": "BVy0236f+FAl/THQXs16qcDHCQxhFW/mLVVYFOhkFLo1",
              "baseKeyType": 1,
              "closed": -1,
              "used": 1678810340128,
              "created": 1678810340128,
              "remoteIdentityKey": "BbqIZ7SYW1hamwXXd3EUf2NYD1EBqOciMhHgkKCP7fli"
            },
            "_chains": {
              "BVJgP0PTer1tcqumMAYBBoma0h0YhGls04yh4cUkqFJF": {
                "chainKey": {
                  "counter": 0,
                  "key": "eLVCaKDVOOfI7J2VTHsmNhSw2vSK3EUtUQGXh8pBVUM="
                },
                "chainType": 1,
                "messageKeys": {}
              }
            },
            "pendingPreKey": {
              "signedKeyId": 5,
              "baseKey": "BVy0236f+FAl/THQXs16qcDHCQxhFW/mLVVYFOhkFLo1",
              "preKeyId": 11765334
            }
          }
        },
        "version": "v1"
      }
    },
    "appStateSyncKeys": {
      "AAAAAG5h": {
        "keyData": "NpXjjUeSUyjXSdGn9DXl4tW6mw+QOwo97N//e/16j2g=",
        "fingerprint": {
          "rawId": 1309960823,
          "currentIndex": 1,
          "deviceIndexes": [
            0
          ]
        },
        "timestamp": "1678784730426"
      },
      "AAAAAG5i": {
        "keyData": "j0zRgoLyU6zRGTjpJuwtj5pA5cbWNdtoQMwQ4Y0Myls=",
        "fingerprint": {
          "rawId": 1309960826,
          "currentIndex": 1,
          "deviceIndexes": [
            0
          ]
        },
        "timestamp": "1678791678934"
      },
      "AAAAAG5f": {
        "keyData": "/9R6pcV95d5426Vt8WZFA0fEhLEszuFI/6m14mD6gSg=",
        "fingerprint": {
          "rawId": 1309960817,
          "currentIndex": 3,
          "deviceIndexes": [
            0
          ]
        },
        "timestamp": "1678749152505"
      },
      "AAAAAG5g": {
        "keyData": "H3nUuqkIetjhX6EquPTqCJYOoMuAfDJnw8nR7TPkAvo=",
        "fingerprint": {
          "rawId": 1309960820,
          "currentIndex": 1,
          "deviceIndexes": [
            0
          ]
        },
        "timestamp": "1678752729082"
      },
      "AAAAAG5d": {
        "keyData": "Tjr8687LBYJFGKWQnTEddv2Nx3EXTgqBXY5utuPwESY=",
        "fingerprint": {
          "rawId": 1309960817,
          "currentIndex": 1,
          "deviceIndexes": [
            0,
            1
          ]
        },
        "timestamp": "1678715217401"
      },
      "AAAAAG5e": {
        "keyData": "eZfFh2iMcwqHQ2NoIH4Z9EIQLKLEnEkNZUGuvAtchxc=",
        "fingerprint": {
          "rawId": 1309960817,
          "currentIndex": 3,
          "deviceIndexes": [
            0,
            1
          ]
        },
        "timestamp": "1678749150658"
      },
      "AAAAAG5j": {
        "keyData": "z9bhHzuDGcj2BwYPI7mcF4cBNDS/bi0niwUbVIFFFD8=",
        "fingerprint": {
          "rawId": 1309960827,
          "currentIndex": 1,
          "deviceIndexes": [
            0,
            1
          ]
        },
        "timestamp": "1678793565299"
      }
    },
    "appStateVersions": {
      "regular": {
        "version": 7,
        "hash": {
          "type": "Buffer",
          "data": "GzRca28T8jWo3RRYuUmegGQM61IgGGEOuf4xyctJaDE/zU3mKzLH1T/7lN9h/nIUm6VdMFRFUc6jN5Ur0RwUqfTOMagLgYUp8zp5/e/pTq5xKQjmIfQ4/ymLBsBNBB8TkYNllnsiv+WXruGpc3qJiPEt4Mo9FFaQGbzUeUmhnmg="
        },
        "indexValueMap": {
          "Sy5KdXu2wUHTSoOaVbwbK+Ho8uFWZPxruqC5ON8G+FI=": {
            "valueMac": {
              "type": "Buffer",
              "data": "ZuJgQOqPEluccv5QZv4erVjhEXGOhgGBmTn62vAC2Lc="
            }
          },
          "S5SomlnzHnPuU+JObDgWpWAfrNMs3/NkA6CygwymJEI=": {
            "valueMac": {
              "type": "Buffer",
              "data": "1NKF9v+2fv3UYOeiztquyytYaG7nawY6PCDxZbERTEE="
            }
          },
          "dXsQI1dvm1TQkQBRO0DT/J+S55lB4EkuBUHuQhagj0A=": {
            "valueMac": {
              "type": "Buffer",
              "data": "A1G+PLljbThqXB35Rk4bWdxUGcnn3bHVeKTB8wnxbHc="
            }
          },
          "7Vo5mofVG55qUFbQ9C/B95KVDDLpIoPvErmjxwxjU3k=": {
            "valueMac": {
              "type": "Buffer",
              "data": "93iPLl4DcP6SK3ytY2mz0weJ3fmXUyTAKNFMbeyVINg="
            }
          },
          "Vhctp6ZtBdk37YiQduQHRxMjFIU4uYIJYVeZMXLjLnA=": {
            "valueMac": {
              "type": "Buffer",
              "data": "b2+lAWwr9sw4fkjInZAZ4GkubeQhMAyIdgkHQlc7PwY="
            }
          },
          "/UplkqGfCvE8TcPyU7XZMoE6GJAErcXlaW2F3zIEHWY=": {
            "valueMac": {
              "type": "Buffer",
              "data": "5cqZLx+Zh1XUa93N2Hsq88CkRE605q4T3IQnxQFZ43s="
            }
          },
          "cg+Fd/WlmkDf7DzEkj2xJ2I5T6z+o2TLD6m8Q6kLCnw=": {
            "valueMac": {
              "type": "Buffer",
              "data": "FHL7++m4bU1Xts2qoqKXsPTMtAvRH471eg/luOwf+AY="
            }
          },
          "YxobmAA62RO5gohmmzVuRp8sZP4CoU7IEi8qr3SdqGY=": {
            "valueMac": {
              "type": "Buffer",
              "data": "cOf/uzbrPJY1LlEi8sDdqVu4/saHcBo6yPeRWxUgpCk="
            }
          },
          "oPgmJL1xtdC4CUNze/trTisk9IheRrLpVrCuY/jwiM4=": {
            "valueMac": {
              "type": "Buffer",
              "data": "6ADT2liKoysIDKDxLQl0Lbw2O0F4aWf/ZhO+Pqd3E28="
            }
          },
          "zPqeec8PID7o+ggijNoVWpbrjx8ns4qeAhCKT4w3BAE=": {
            "valueMac": {
              "type": "Buffer",
              "data": "naRBAm58E7hIAkjksD7lT0ctMRpGl9nIYCVF7ciIWjU="
            }
          },
          "sOYRyMRa8jRnKB13ynISOzvj9Q9yrOaAalUskH9DFB4=": {
            "valueMac": {
              "type": "Buffer",
              "data": "cpHjfM4wHRecEm1t9yDK+Rmgfz9cvKipPBXPcv0tdFE="
            }
          }
        }
      },
      "regular_high": {
        "version": 1,
        "hash": {
          "type": "Buffer",
          "data": "pI3eOg/yxSgr6eEV9wXvDwEtqaOxig7h+1ga1VJ//h5aC7okrNJVNirz++5pMA2vZwwRnfVtlf9UG8t7Ev+dB+26qA0bE2zojXQoXchPq7jHglfJc42Mrz/FwAuJYbqDRBahoHkz0CIOUeMNWoUaPQJBAixHyhJnwrViqhD9KOI="
        },
        "indexValueMap": {
          "5jataTRc3LFyOQ/hdtqPjKfHtU46kKOi1PnCpCZRf0U=": {
            "valueMac": {
              "type": "Buffer",
              "data": "LN64KqPUtvLwR9CSGYVdpZrB79K1CypOpo9vD+ZqAeQ="
            }
          }
        }
      },
      "critical_block": {
        "version": 2,
        "hash": {
          "type": "Buffer",
          "data": "pYkP6Wc6glgXAB1UiA4YXDTKuC8Vb8o/ThsKWdJ62ser9d+od9zOC5f16NK/8q2svT4oDC6zP1rRexcQQEdRwpZRytqqjc0xVmeCTHdmJEhm2tkGqRfiY9PbhtlbTk6dXtCnqoESzZViwXe8kg9oDzB2RG/Q3lZ7/jVlB/vk8jE="
        },
        "indexValueMap": {
          "c+Nhi3lZiqZbGiHU5t0YSbqe+MVHc97ZuiGvJ67u8j4=": {
            "valueMac": {
              "type": "Buffer",
              "data": "W1LzUTbvBz22lyBXvZaXy7B8ZEDM9tZpLawrV8zJ+P0="
            }
          },
          "zcFmjpkYuH/nhoUadg6BsymBY9GGLi6KE2WzT97xxU8=": {
            "valueMac": {
              "type": "Buffer",
              "data": "jYe7HeqjkBVQJtYnUt7mc6f+vBK3NBefWd8r1PeGY90="
            }
          },
          "mhDgntfAgPbOWuaamWDC942IvwHlmIC4hr3ueT+NXro=": {
            "valueMac": {
              "type": "Buffer",
              "data": "zTYTTB9ffv5P3PP0lOOVSZQM2HfF/8w6ULkc+NNARLM="
            }
          }
        }
      },
      "critical_unblock_low": {
        "version": 13,
        "hash": {
          "type": "Buffer",
          "data": "31GMMdXT0dg3t6Q8ztzr7lDt3ZeQuanHWYVHaJl8Erit5Mr6iujdpecXQdbYAEQ97gj2KxQwoKD4tCAsJmluMRX7UyCDS6Ps6sNDPGCMkXeDVEzYxIoxnAVA0I2r/SczZW0iaGsyYnXMJsZZJ2yKWaxg/vxPWVB+ft1grnNXiWs="
        },
        "indexValueMap": {
          "Afrt+hU0hbj/WkZ/vPzsF/VbNYMOJdcMUHMeO8SQn7k=": {
            "valueMac": {
              "type": "Buffer",
              "data": "0UNe+khXzao1FcU41ozQ7SafhX8NWoHBQ7kizoInYqU="
            }
          },
          "BTJwBg1WuwTMvr/avFz8abxOld/zxnoY0u1ebuEpvc4=": {
            "valueMac": {
              "type": "Buffer",
              "data": "xjw03CmONlmv0yTjJdWESNSziDLP/aTEqRihsqrMhbc="
            }
          },
          "BWzV5XIwZVZrgZq4IjJtk1ccE985fvaI6jFHGsBVqY8=": {
            "valueMac": {
              "type": "Buffer",
              "data": "qTVnpD7EYWMYiDdZlpvhWd8xKL8TGmqmBdgKbHAO7sU="
            }
          },
          "Bjr3Vn0XEukgLzMOLvCr5sZelD2rQk0lsYt1fbLCzXg=": {
            "valueMac": {
              "type": "Buffer",
              "data": "+Mp4wEVsqm1CW3PSyWhiQD3/ijlpszQcuQzoPwHtx9s="
            }
          },
          "BvRxc07puavsIhV8uF++lDlDqZU4LACJ5zLDqD3uLb8=": {
            "valueMac": {
              "type": "Buffer",
              "data": "XpjYSTwTy/FCPmP7ZzlMOpYBFb8u0mnHQf/dUXvd9RU="
            }
          },
          "CQG7ZDl/00SQe9V/2fgmGOzOHZrluhXKcNogqLfcL8g=": {
            "valueMac": {
              "type": "Buffer",
              "data": "1SkmXAF2eheM0x9wc8dDVYMNuzLgN8dB/V+aI08ps+c="
            }
          },
          "EBcxEmhxi8dZ7LEx9ojJMJSTAIzAGbctbWCMy0mCb7Y=": {
            "valueMac": {
              "type": "Buffer",
              "data": "06hbULXPFcX3FpfXROyFJOss+tNxv3GRoKM8NgZCZO0="
            }
          },
          "EHGuyRmjYehM5Gu0wYQrDGR3ScGOs5VET+GlzhbhpuE=": {
            "valueMac": {
              "type": "Buffer",
              "data": "Y7AJEVa9/OX9o8TShxIbZrjj/hWg/q8gj9SNCg7ECro="
            }
          },
          "ERPFGTXDDsEhWE70mK9yM6v1BEwEomU1T9TRR+6szn0=": {
            "valueMac": {
              "type": "Buffer",
              "data": "Tfts84t/3EoNo2uP+UtspsLndvX6YV0mAk6RSXc0oIA="
            }
          },
          "FCDC/oNcJShRVAntuldya2LFV96bsh8HR9Y1uXIO8OA=": {
            "valueMac": {
              "type": "Buffer",
              "data": "xkUxHjzvGAzdVFhjygrdVCN/KuKiOzxVRnqIPizBRVM="
            }
          },
          "FJMIl7VNDE3YR2Z/S3s57OI0zUw9MLeXM5x7c4lBIOc=": {
            "valueMac": {
              "type": "Buffer",
              "data": "l0acKTnYP8g9+KuZqc0Hb3rQNGp/rnHlxErcQu6Fjis="
            }
          },
          "FuCWqfWGG3UYAqFZh1Kav2oKDxRduNjF33cbCl7kReg=": {
            "valueMac": {
              "type": "Buffer",
              "data": "8SBakvQfJzz/KvlgPpRcg+kMh7O5Pm1yVbAmDwSY6WQ="
            }
          },
          "FvdssaTNanEZnnEtGRcvJbDO8uOPSRgGAWCOLEbBCWc=": {
            "valueMac": {
              "type": "Buffer",
              "data": "dGagHdqsL5duoZmFs0dKTaRr4sOGOLT0HiiaUBFgx+U="
            }
          },
          "Fw107IwsmwBJyc4pcb9Hj0R4+BqJWhsf75sAe51Yavk=": {
            "valueMac": {
              "type": "Buffer",
              "data": "JDR+319Qx2i6b7Xe134+dQXlwo6Tbx2RmhFMvAHAdwM="
            }
          },
          "GeVZF/Z5ayQDW8xwXEN/rP4A+AXnEE/qySThgxzvntY=": {
            "valueMac": {
              "type": "Buffer",
              "data": "WjvUOZUJ2ShkH63pj6N6cPQjfHPpgssTrTM6k7Rh0BE="
            }
          },
          "HjVakpKv6Cn+VeySXGPzun5YxvyQuxdhnN+I7k6CA1k=": {
            "valueMac": {
              "type": "Buffer",
              "data": "2b2SskrCK1gL7PpPVdsmVTJOwe0G8RCsvHupx8NZGIs="
            }
          },
          "Htfx66lTfVCgMw9QzNgHjEGpKcbmg54Ka66xfHsqJGA=": {
            "valueMac": {
              "type": "Buffer",
              "data": "aG0iwUBnrtat3jMygjK7DbRBJHOhpvx9v36ADiHKckA="
            }
          },
          "H8ieeGjqJPRIFDeKEDIWIH5bolgaDTGdwmEcukJhjNo=": {
            "valueMac": {
              "type": "Buffer",
              "data": "3uHzd2vDyBnCWaTkjptQ/MpAHUdQQnUaPwPt/rPl9A0="
            }
          },
          "IR1nMvrxXtiLInu9CjsuzmOnHwTku64/TryB55WJU6M=": {
            "valueMac": {
              "type": "Buffer",
              "data": "DfkQVUtE8xFRCxjcIQ7jMf0xDqseI0qq1Hyl5uwwsv0="
            }
          },
          "I2T3xUNLE9I7H+4Q7kGkek/f3blGhtbggzBSCW849zI=": {
            "valueMac": {
              "type": "Buffer",
              "data": "uQKyXXY9i0Sf/wXJtFgsyndQDBOD8vSdUYOT8udIYsI="
            }
          },
          "JBu78gzKOm1KMR1WLAaJ6N6bOmu6jDpZP4i/DVcTHWQ=": {
            "valueMac": {
              "type": "Buffer",
              "data": "LZ78jtWi/4uMqgr8BktX6dHXXHEQVh8zBTFF9mDuPWw="
            }
          },
          "JUSkpeSu0Few6Y1ms6AENmezwiHzIiODUnRbF37HgD4=": {
            "valueMac": {
              "type": "Buffer",
              "data": "QKd67FuNVC5ZbHumSV7aRLFr5FJShPyhlG2nFzTuTFk="
            }
          },
          "JtH4N7YLSUOYY99rHe047Bh/J6ZyZCFKlOJow4VFjjQ=": {
            "valueMac": {
              "type": "Buffer",
              "data": "LGHD9bDvOlsESrrsgQ6NOfqPcYTuogLhnhhYzr1y+mE="
            }
          },
          "JwpxxBMrDajXthmQc9k0YihdmdriTSpchBemNxQpv/k=": {
            "valueMac": {
              "type": "Buffer",
              "data": "H55GRsh+n2glY4bmZzCymOvzrwCYSKMeJY6hYNHqTMg="
            }
          },
          "KAw9ivO4NOuG0o57JNhUNAgPHo9bRkOQJCcD/h33be4=": {
            "valueMac": {
              "type": "Buffer",
              "data": "Zd1wmkq2I4S2nZXimazyBtm0A/uLAY6oPxz+VfzLEBM="
            }
          },
          "KaO/5gA0zu0UHWQcf6lnBw+kOZMoIqMCYfnJy+SfU8Y=": {
            "valueMac": {
              "type": "Buffer",
              "data": "N1Fh/ocCXtHHQthRE9Hp488UjLkyT7k+K/U63XYTsIM="
            }
          },
          "KhcwGj+i4S//6CCaaTLzY2ns+LAckn/9qcd3+V0Fs1Q=": {
            "valueMac": {
              "type": "Buffer",
              "data": "MZiusPEyor9NG6Kp4ngjcJIWEGDUAnc4Ts0ze7k0DMg="
            }
          },
          "KriAOCcGtph6qQLs3oMu+uD/TrYbc6TNF8JAyrk+fLQ=": {
            "valueMac": {
              "type": "Buffer",
              "data": "QjfcNCMg9eq/T8PLNprdSIxNNR01ug+9kkDCaoY+swY="
            }
          },
          "LHFjFd2u+ks8wwLQ4HCbEWOZU9MXk9vbehB6KJ/U1hY=": {
            "valueMac": {
              "type": "Buffer",
              "data": "2NAdCWHLgsFb8y6PtCzm3qhUTGbRnuxdAg1qhR5AJ7E="
            }
          },
          "MIQlNxEH6n31tn/1vAiBuFa0AfwUezkWLXiljgkpCJU=": {
            "valueMac": {
              "type": "Buffer",
              "data": "GWUgYyhNJDsGeJ2MpIDQ3U0fPqyHRfQbCK6SKDwbTR0="
            }
          },
          "MPXteUo2zr+tK7tYRcDBQ49EQHOAMILccPuUHkudTg0=": {
            "valueMac": {
              "type": "Buffer",
              "data": "XBjQ13wLJ3Q7VJnKfHSXtfYziYLUeE0N8/cWS1CCRWw="
            }
          },
          "MrkqQqt4/SB24P01cKpfXqN/8Gb2fOoQ6tOPk2ShbKs=": {
            "valueMac": {
              "type": "Buffer",
              "data": "Gxxz8GCeUtlKUmMlTM1717ykkLfsmjsPeojl3qV0m1g="
            }
          },
          "NV4NZAEwKlu8FRB5oUzs6JunB9Fm03/tvWqnS1BpHSc=": {
            "valueMac": {
              "type": "Buffer",
              "data": "c8AmWeL0MgsM9infb4h2j4nujAjSI+NoD5LhZA0h3YM="
            }
          },
          "NXyHjQvePkj5ZuLgWzhVCo88EGyiV1EvPe6eREd+hp8=": {
            "valueMac": {
              "type": "Buffer",
              "data": "qIip0h1DuqfPMcHrm4tdv3bW70+ZoeGHMFiRG0K5Jww="
            }
          },
          "NbXeXWSh+UUTw4f5/Ovnp3oWGizcTJf4sykFUlmacog=": {
            "valueMac": {
              "type": "Buffer",
              "data": "PHg4B4pW6v6BQXWDPUaEW5asiFfcPXwXQDhvRFMQOg8="
            }
          },
          "N09CGp77bIHwSs1fPA5/k0/p6yzLv8WlLAY2BJmuvwM=": {
            "valueMac": {
              "type": "Buffer",
              "data": "R/btQrdie6/mW7mh9EZiWHiP2v12fmeuiXGKLNUj73k="
            }
          },
          "OcVF3pqNI5XPhU969xd1WTtZD3tSI6lefUv7g3KwCwY=": {
            "valueMac": {
              "type": "Buffer",
              "data": "nTDRLwKv3gU+YNj3qtVimSu+Mqa16i9p13/nXO6iggM="
            }
          },
          "Pq2GMnq4i0iumJFjBgUH4hmrqg/aCbF8bHMMW3xxr4o=": {
            "valueMac": {
              "type": "Buffer",
              "data": "nyXddcyA3pNe3TsDfbuleQq/DnQ5YrtcauucofBXc40="
            }
          },
          "QUkIKozVcqjggW4QYEjlLrdDJYHOqHEqInaRCXNPbpM=": {
            "valueMac": {
              "type": "Buffer",
              "data": "F9huZgNDBRHCJI+akOReQyoW06Ts2OL/x6BjWINCSg8="
            }
          },
          "QoNbCQ0i0KGUvmfDvMTpgDo/spoi9J4XlDa5th49w7M=": {
            "valueMac": {
              "type": "Buffer",
              "data": "sydzFhEXw9wdWX82aWnnoCfqRSZ2f7VGm1p+xDuE1bo="
            }
          },
          "RITDA3JNJvViay4YSkuHAHm5wGMSvoH4HskHKkx02Bw=": {
            "valueMac": {
              "type": "Buffer",
              "data": "HP0IGq65EpiKh8UrAXGVpd5NlbwiQarYY8znaDwpwh8="
            }
          },
          "RKMsel22huH5KdHtY0Bx68jLAPSpIW3G5A4JW2GmWQA=": {
            "valueMac": {
              "type": "Buffer",
              "data": "VUprQmYLlyHN6dWSNEWmoa8iDq/Gv+wou52Kxxr6CAo="
            }
          },
          "RMdZ/YYZ+Wk4FlRfCipJrc4OvyxCcaW4QDSE2UihPtE=": {
            "valueMac": {
              "type": "Buffer",
              "data": "WMbty0h2vmPNiO6A2vGOxZ+RN1k/x3tg38hO0R98D78="
            }
          },
          "RNGCMjwanOtgmDoR+PxMHy1guXMn44lbvk5nu3qha2M=": {
            "valueMac": {
              "type": "Buffer",
              "data": "RQHcpsYqV2cx5/1jc1RZC00tOqV09GrbXz7oatYoQJQ="
            }
          },
          "SIpgbOlfp+KDCcFhBYwn419jNPhzcKeMPhv3szYCZ9E=": {
            "valueMac": {
              "type": "Buffer",
              "data": "K6S0sJB6tu5e23j3R5iHcYvfcC8G4itEUv2h+DMCrcc="
            }
          },
          "SXRi8zI0LMvnnzviIWl2o3XoV/ogAZtrXj8n9lP4myQ=": {
            "valueMac": {
              "type": "Buffer",
              "data": "T/1cnrAUaXqFTKnBH960ASRZIC5ADx2WF4nkE9Q4RsE="
            }
          },
          "SwiIDdQ32dhpiKRY1tK66/2rzW3SB3jtOKMrHATQiSs=": {
            "valueMac": {
              "type": "Buffer",
              "data": "PVnTX6PCLN9iNreMhYCC25R7gQI2Kr9DfiDKGPtzYLM="
            }
          },
          "UMoEgAd9UOS7m6Rbsq163dbb+nJWCFCkgXn6XYbbDyQ=": {
            "valueMac": {
              "type": "Buffer",
              "data": "j4c+J9TUSb2o2afkZgULfk96v0VZ/l5xe6k7U9uJvxg="
            }
          },
          "U0ghaGidVr4bgB+4xyuT5Jqr7sghqxFIZ2WPzQwcFXc=": {
            "valueMac": {
              "type": "Buffer",
              "data": "Q2vYKitskVnZc6zmnvRL0AvUoIODTdjdt081fGHMjMc="
            }
          },
          "U8E+frPe6xQMohjTCtmUle+E6lzlOzNzxTxVn4h5IDs=": {
            "valueMac": {
              "type": "Buffer",
              "data": "HK1NqjP42G1/pjKJsuTA7fII2S+j6E6KvSqaSzVAuoY="
            }
          },
          "ViieR+GLEIZ1o+chvSlgvjALoOiQPr/lhVhgx5+GV2c=": {
            "valueMac": {
              "type": "Buffer",
              "data": "VUhFuNacyBm6p10Iux+pCPulF6i5TG5Ca1ONtxDVi5k="
            }
          },
          "WLV4fPxppjaNb00NtzHU2pQwRDpCwSPuA8OjIhITinI=": {
            "valueMac": {
              "type": "Buffer",
              "data": "aaf8l9A8Toj3PjPHThbEJnVskH+c34myNdCymR+wswk="
            }
          },
          "WdNx0ImM/XC6P/ltfONKu6JYLkMR9SLc11qHazuRY/s=": {
            "valueMac": {
              "type": "Buffer",
              "data": "DSEzu3UzjGcX66w7hnULBonj0WCo7IXXB5s6AEnJP4Q="
            }
          },
          "Wwh8e2Vb8d5QTzd7ypIlKr45yeO3/SJ1jPI/2D/DS1E=": {
            "valueMac": {
              "type": "Buffer",
              "data": "1jev8JKIhAI+adm8WRBBLcaPChNXZLh+MC/SCEgZPXk="
            }
          },
          "XER0xAbM91Nm/Ebbu/i0C2WbVUjSkkKhS7PitXtPDd4=": {
            "valueMac": {
              "type": "Buffer",
              "data": "hZZMhQiEebm7WXJJElU/3XnWaIya0sh32nhdpMTh0r0="
            }
          },
          "XaKACkSrwL/wnc/xBjdS7vwKUudgSRdwqJeMWBiUelA=": {
            "valueMac": {
              "type": "Buffer",
              "data": "I0zRI9EZMNBS1DeILdUuS2kZDCePdpymLS9IGA/vWjg="
            }
          },
          "YQVXTjFrAaBE3NxXx0D48NxHMtGSYhuOhgiQUUN2fDQ=": {
            "valueMac": {
              "type": "Buffer",
              "data": "B6YMb5DzT6C7cBK9cTfXYTYX7ikYOUAILKKlbozPQSU="
            }
          },
          "YdcIJEh1B738HJSVSl34vXCwsHKvSfqmv3WCpaEYZ+k=": {
            "valueMac": {
              "type": "Buffer",
              "data": "CMKCibNQB6x9cCWAW5nW3iHMwXep/N+9mYOTREkK+EA="
            }
          },
          "ZaEdMNcjVOSSgZoto/J2HPL9j3SsEwnrG+hxIjOerHI=": {
            "valueMac": {
              "type": "Buffer",
              "data": "AaCdQDfVuGdQHT8WOQsaL37KyHkkSQ9lEnJTSPMp/7U="
            }
          },
          "akzdS3GuwgzIL3xjPDQxLWFunm2n5JKjSTBnk5bQPQU=": {
            "valueMac": {
              "type": "Buffer",
              "data": "Xj2z/VTtHIi8iOqzXkmXj1CyOjwcl8uc3ITU63neOvg="
            }
          },
          "aqWqG1rDTv8a7I0cArJDw3XJ895urL20X4a3F5UxtJU=": {
            "valueMac": {
              "type": "Buffer",
              "data": "QbX3lUnvswOKHCJalL04dAxDilT8LgrPrS+r3rFd9pI="
            }
          },
          "aqrGoCVGsuJ0V1gR10SwHKs+3u77hd/VEjILZZmQFWM=": {
            "valueMac": {
              "type": "Buffer",
              "data": "fdYAGBb/ShJ1cPSEajUDEUr2dnuSxjBwCJ3jDpEoP9s="
            }
          },
          "a7/mOUj83I61BaFMB6z7bWjr35LrmzdqquXQLT1Fftc=": {
            "valueMac": {
              "type": "Buffer",
              "data": "1qJK5UnPUc06ZdSvzaGmtsKCI5UenStkdOz2WdH/M/A="
            }
          },
          "b58axDb3EQqk1heX9Xh+desqCy1oTGq2Y2Wi2e2ViU0=": {
            "valueMac": {
              "type": "Buffer",
              "data": "sy51o95tCc0XWqK3AsJuyjO6AlB+wCk0OkCy3REn+ck="
            }
          },
          "cCTk/+CTp0xifAha3k+Zf8+WYOZM+afg14GVOruWYJU=": {
            "valueMac": {
              "type": "Buffer",
              "data": "DTR5xbJ6L681C6qeKrWFGqHGgcAHIJvZVW0HjJE6HPo="
            }
          },
          "cjgz57LO+wcDvqN+7sTq930J8Q2GAxwOw+Flqgk3mJc=": {
            "valueMac": {
              "type": "Buffer",
              "data": "hEAulqE1Fnad5ZE6BoWADrNZJ/K05r9AmPmmKWatmxI="
            }
          },
          "c7BBb4J1SPwN14WRr9k59qWivHxHy+RO+bD1rqpYA5k=": {
            "valueMac": {
              "type": "Buffer",
              "data": "ZX97wQoiJ4de8XD17Sobbwsp0zMFNwta2r/2oTrMo1M="
            }
          },
          "dFhw3w6tFFZC5IAEb0E/Jf9SvJXqEZcbdhCZRlO4KUI=": {
            "valueMac": {
              "type": "Buffer",
              "data": "Jnbeoty7sTVuYPM94rTZLd1GOe4wkcJUf1MHISzjgXc="
            }
          },
          "fhqi4r0JusA5h5gW8sVLQA9yk2UX23FnObFNfn4qVqE=": {
            "valueMac": {
              "type": "Buffer",
              "data": "PK+lNuGNl60W7lCMtRCA8/9IIKcQI0qXKN0z2Ji7H98="
            }
          },
          "fx42aGJFM5hMKCF6pZSaMjrkLG/hTvTJ95vEOm5CF5I=": {
            "valueMac": {
              "type": "Buffer",
              "data": "f4Ki0avqt2grP/Z2TnLauvCTIPLVq6lHYIkw+NMxm2g="
            }
          },
          "goAwDl7qSUiWl5gaoAopIcUxyUMCCbzYc2ccKOGk1uI=": {
            "valueMac": {
              "type": "Buffer",
              "data": "lL1CYyzyExRQlgv6IeWIj0K4enMfUrWo5TRHMymXqLE="
            }
          },
          "icFd8QmmQ6kCnnhmRZML+uTecEGtsptsGv2Sit9VuJc=": {
            "valueMac": {
              "type": "Buffer",
              "data": "0Qrk36U+lGgJs2/o04fxnEi7rQDBsECMBzqSDDmr2os="
            }
          },
          "kf1cgl4LW2Lq5B1X202bLobbYST2GtO08LMeGUSwNiw=": {
            "valueMac": {
              "type": "Buffer",
              "data": "qQgDPKcA8knuwqzfpi4pHo0wSgEG5JRXFXHW1VjRBXo="
            }
          },
          "khUsslUnSZJ08ibalXuZ17mFdw34sK+ZB54lVTrYybw=": {
            "valueMac": {
              "type": "Buffer",
              "data": "leHCEDV7xT8bBav76rjlWcKIqV1Z5OaVgjKm5QTbRps="
            }
          },
          "kxmfxHBh1k/CWlP4myM0QKz5WF08D2Al7fV7mitcQQ0=": {
            "valueMac": {
              "type": "Buffer",
              "data": "vsrnkVn2oKsoBkPp6G7VBCVGAAAShOL6+HAy+MsEcCE="
            }
          },
          "lrjKsvpsGs3QZdicoxqCzmQvrzpX5aLr9derJ5NH/u0=": {
            "valueMac": {
              "type": "Buffer",
              "data": "5kbC8joNCisMeSI9tsSkedy88jbxHnVxbpll7UlcxHU="
            }
          },
          "lu4oR4NrrEXyg2UgRuezTGgHU534nF4kvTEOaAp7NwM=": {
            "valueMac": {
              "type": "Buffer",
              "data": "2SxfG2vS9kR7ieER3VdB2w25HQZICHoz7KP0JFf3qcg="
            }
          },
          "n5cQ36zk18JFi6lHSl9PVWxkHT+ix72HVI7YvBb3Dwo=": {
            "valueMac": {
              "type": "Buffer",
              "data": "ViB6eWArOSfG6Iua8kfPJizb/9WwpSlz0KCPJwBsOis="
            }
          },
          "otyTF/5ATKM+EiAa4NDgUMZvlZoaybVuPUDyYIRezuo=": {
            "valueMac": {
              "type": "Buffer",
              "data": "oLpso5k/yjOsTDVZ+nN/Pl43awaouNyAyklTNBhS+3k="
            }
          },
          "p/gty4BAG3JUAsPZ/CW8WWBomAVRXucDqLRGmBtZ5y4=": {
            "valueMac": {
              "type": "Buffer",
              "data": "IAJ3Q2FK+i1rop3oYBsG6IXhpnPHZotjp0Ojo4bVEj0="
            }
          },
          "qnb2mIQ3YujYChG1ikT8ADmg0OQ3i7SwwrhMRje6Ptw=": {
            "valueMac": {
              "type": "Buffer",
              "data": "ywMXqdOm/dE3eEoLLjDk/vmgsGdonSUoGfopJLdxTJ4="
            }
          },
          "rGHYp3RNgSItdNNFDzSj3CZ3sJzS2Gd05nOzeKOrMv0=": {
            "valueMac": {
              "type": "Buffer",
              "data": "VCnK/2qrVlEpF71DhIMxKAE0dqmHIwshw0xRF1Fp7Hk="
            }
          },
          "sH1W4Gs8lkfaGEd0JlvkVxnQElwtj1sMjf2goWaPRsU=": {
            "valueMac": {
              "type": "Buffer",
              "data": "S0QXvH27V3lAPiMgIBDDQeCSgWgO4Y40QE7Ij6jpsNA="
            }
          },
          "s37nEWKn4iBWhsIE9VGpirEbO9Q++mXeJn6ErjNv/Rc=": {
            "valueMac": {
              "type": "Buffer",
              "data": "7hdTqk55nbt8ffRe4RoyNC0dm4gQwExqfrz8pVLcVbA="
            }
          },
          "s9SxdDn6l/rhoRTQgmsw84I4gZmo6RXOcCN7+fogQ90=": {
            "valueMac": {
              "type": "Buffer",
              "data": "nACZ2NaUmZ93PUiSOxbozF0IlxKvk3fTN6UTxwLdw6w="
            }
          },
          "uBxJs6Nm2DchEdQ/HCAS1fdSW/4eg21sy7bMJCtCloU=": {
            "valueMac": {
              "type": "Buffer",
              "data": "NSxglnnsQ02XGdD11NxB5g+drHJ4pVr/JY1Om/UZPkA="
            }
          },
          "uby3LDRS28Ev3O7O3dQXTXvNxq1h/NP05xRIYpJFtoI=": {
            "valueMac": {
              "type": "Buffer",
              "data": "ZFk8DWzFxgJ4iQIZAv6hmkqghFZtWkqXOO2V/5mJNUk="
            }
          },
          "ub8VWgCwO8VovY/sa62byUvTU5eODbghqcUKH7SaBPg=": {
            "valueMac": {
              "type": "Buffer",
              "data": "fJ2vuItWqjbHHg/IU4u9tlLWcSh22or36VXz42hmhq4="
            }
          },
          "wGFau3vMAJgveGlTk5C3atMvUYYG9Uh/f/9cdwZS6PI=": {
            "valueMac": {
              "type": "Buffer",
              "data": "GPq9CSPgC4O4IDerp1CQletzRi4b8NaFpsWZBqgDiZU="
            }
          },
          "wWobSjtDeufjaJXl1lRXkZwZYfeDtzU3QIILe9wwW14=": {
            "valueMac": {
              "type": "Buffer",
              "data": "U61+j3+UlxVyO7dQuyZT5JSaxMfp5J3JeprMpEe1W1w="
            }
          },
          "wYhJbyJX/sSHM68nwbLolE1wHPN7sc+jdn5HYw/JapA=": {
            "valueMac": {
              "type": "Buffer",
              "data": "b+bHFGXPlwtroHYUVzQNGstwT3YKu89xPVl6TDVLl6E="
            }
          },
          "wtPuvpbGyyOrelqx5z1gqghC/yRa39hbs/uZQccFG9U=": {
            "valueMac": {
              "type": "Buffer",
              "data": "saUKt2SGHoKijGLS868J+OwOWH8hlyksENkoJJM6r+I="
            }
          },
          "w/EOR/kJFfYW4MpW4A2U8fatBwPvQl8etEB8XwdWvwk=": {
            "valueMac": {
              "type": "Buffer",
              "data": "xjhNKTB6V/xv3KMjnkXIyQqRo14n3ITG42id3WElIXw="
            }
          },
          "xaUDnPcJpaxlP8DfAWnKQ+4fnwfVXXUo8mS710hz3Yg=": {
            "valueMac": {
              "type": "Buffer",
              "data": "Ad3E0PHLJZoYRCqGW4vp3as/JVKGk/b13NFrGrYtwhs="
            }
          },
          "xfaJ0CMZsdcYZGE96caxKgNBL5os9sxYaxOfD6uqZYY=": {
            "valueMac": {
              "type": "Buffer",
              "data": "oBTfuMMNxSiGDo+BQkGXEO4V31/XmfBjscIyLNhTDvI="
            }
          },
          "x6dLWscIvgc3fw1LbC3/6YVrlGMi+iGrQqqmxcRJifA=": {
            "valueMac": {
              "type": "Buffer",
              "data": "S7QyfhulTlpLME5mfVaiwL44HJ25TVWNKUBphKPHLcc="
            }
          },
          "x/QiX1tGHyG9zdiwZ4sHmZ4zW/G/cNOtWk/aMi/JwBs=": {
            "valueMac": {
              "type": "Buffer",
              "data": "p1v4hanw1c6FlFGiQMKHPjkwiRbqR1wQOgt84klNhZE="
            }
          },
          "yyWa6hyMWGBgLb3OP1RJ0hRHYUxFCeIUjaYQSEBusoA=": {
            "valueMac": {
              "type": "Buffer",
              "data": "24myQ6wP+FoAAL/dTjhum+xsRlTgsdCFsDX2se3viWY="
            }
          },
          "y+G8PnlR8n1Wx/CiPz4nh4D/XuNSIflCW/Xhmv6YQBI=": {
            "valueMac": {
              "type": "Buffer",
              "data": "zioVUOn03z0CoOjxSSEFbuB1SlCo37Mp4kIiHu6P2VQ="
            }
          },
          "zJj+3lHLOEX+9Bd8JtBqUgZy807L+w67r1XRb33EmG0=": {
            "valueMac": {
              "type": "Buffer",
              "data": "sW/TmHKckqOJoF1NPc2RvW56C2l51LDhO6wnf95LQ3k="
            }
          },
          "z4Vb2dOf1LPd2DHHBNJD1PTHk1ynJElvrl7BWTIE7ig=": {
            "valueMac": {
              "type": "Buffer",
              "data": "tV56X9dK3kk+Pg29loRpdXk+vfFwBO6XRYSsDs/qdpo="
            }
          },
          "0x6xsvt1cVz6wpOJboSiDEvTioW4pfQ/67hpMMTLzj4=": {
            "valueMac": {
              "type": "Buffer",
              "data": "snmKxeuk/pMp2Mgebm1O96EOyCS2b9dcJcvkYz+Aj0Q="
            }
          },
          "1GIn/R5OWAVZVPp1QKDN38iy+JNdOgDjcOL+U8Ws+U4=": {
            "valueMac": {
              "type": "Buffer",
              "data": "IGWfiPdpJWPBWRO9tDekXAbXbICf+MMkVJI0qd6ql8k="
            }
          },
          "1d/K+xo2A3o6VhjPujZwqcsN1f/r9pRAX9hvZlK2AAM=": {
            "valueMac": {
              "type": "Buffer",
              "data": "zGMK3/wO6eYIakepl/ewAx5I8dJGsZcigd5iOk966pk="
            }
          },
          "3AOXLMFdAkS4NIpwXAv/fNcM0QR/ONoVZBuOMRS3a+8=": {
            "valueMac": {
              "type": "Buffer",
              "data": "gkAsJEoVxESM6ZJuBphKqTVo74CeHxLIbJJ4qDqRfxg="
            }
          },
          "3KHAhHN0zAJwmXt0lhrEpEV3slPWQr8oe8yFnfROJ50=": {
            "valueMac": {
              "type": "Buffer",
              "data": "kOyDppkFQRtMFmhkHnpxE/Zr/8RUlpPyivCvrY/sRZg="
            }
          },
          "3ZlQGZQmQjxnFqQc2ZwYnJGtqxOqh+PJhPLjpl/WqTw=": {
            "valueMac": {
              "type": "Buffer",
              "data": "uCoAc+Zc6Mi0Eoor6E+eX7aAesq36ifqalSMasCz7Zo="
            }
          },
          "3tddKNY7TfJmgvl1qfLcmHd1tK/tEnAYgMRj9lV+Ioo=": {
            "valueMac": {
              "type": "Buffer",
              "data": "Qg/x/iql962XmNXKyhzrzya8wmR7bYswX2FLd5c3cuQ="
            }
          },
          "4EWQx5288L2TFxXdS9WOI+xJxpmSYd/XzjgNIzpn8dU=": {
            "valueMac": {
              "type": "Buffer",
              "data": "krxplCS2FBYGEOmXRbDRlH5ekBNhK0QqVD+aF6Rmjwo="
            }
          },
          "4dZX1RsRg//fldXy+5e1/E3ObAneSFyHD5Gf8yMlV+M=": {
            "valueMac": {
              "type": "Buffer",
              "data": "W4g14RvLwnXdRdDRrt6LSeX6V/DNZuI4zWGxoyaFgmE="
            }
          },
          "4hV8xDcaF+KD7haI+EDk2y+pOUI8xJZyXj6sxuST/vA=": {
            "valueMac": {
              "type": "Buffer",
              "data": "RAGY5L/K5JNMub1GcTWdqhyUF3BqUDWTzTp+2q4DxC8="
            }
          },
          "4lvs2tLerZkJg13G9FFWhqhxHERBAjpN/xRErthH1Jg=": {
            "valueMac": {
              "type": "Buffer",
              "data": "Rh4k3wjvD6wbwDZMvkOTwf1u8ma64zilwUG+qM+adFw="
            }
          },
          "5y1z1pw8bLKQXYnLE3CSqwhbt8+8j3oqG0+c3FT8EaI=": {
            "valueMac": {
              "type": "Buffer",
              "data": "us7nZ7Z4HE2XJb2SWI0B9cTsLS6+krhpz4OKemUe8Bs="
            }
          },
          "6Ko3KPuzXBJ7XqNL0fR+TgRC76gB2Akzg3LqEMkPyb0=": {
            "valueMac": {
              "type": "Buffer",
              "data": "y6lyM1BmVpjPz+uWjvPcmCx8wY2uyNE/No4EpfB6+v0="
            }
          },
          "6ehe5zYIMOFxCdn2bDoseeZJ3wYUZbHmPYtCj+xE/0U=": {
            "valueMac": {
              "type": "Buffer",
              "data": "QQG323Emx/a+luANHYSC6Jefcwuxx4wvnHMZBBcaT/E="
            }
          },
          "62gf5adHWkXw7R291j25UtpAF0F8g2DAsOSOYKHd40c=": {
            "valueMac": {
              "type": "Buffer",
              "data": "HITNSKDf/88EAwigepw5bcKBFq+0RFqsodWhZbpVQdU="
            }
          },
          "68qAcTxUUmjQOKnN3lXUF1rKw/HN/aHYzgV07cpnGO0=": {
            "valueMac": {
              "type": "Buffer",
              "data": "xGacFOs+FgtaQTUGxW7CzN6owGBkmr5hJwd0rPmRKSw="
            }
          },
          "7NoB7yETtkHgFDs/s4t0rL0OvhU9tnLUEmiK0cQ9GKQ=": {
            "valueMac": {
              "type": "Buffer",
              "data": "/KAF07sBmTQ4v8vu8I0KGQv2Q58BrKaDvZN7K4IFIPE="
            }
          },
          "7RESL4OkAt9JfOA7UBDGs7PgkqtH5/QrREgfHjd+sz0=": {
            "valueMac": {
              "type": "Buffer",
              "data": "MxJfiJxC7HDxTysBt1vWBNy5OvjLhHq7WSkB+pzuwtI="
            }
          },
          "7tylRy85Yl4Am/iB9K5o+WBVnfv++T90WtELzW4H350=": {
            "valueMac": {
              "type": "Buffer",
              "data": "FQBoX5cHXfEUJkp/O1wYzyj1B8l2infWWA/8tRr/h+U="
            }
          },
          "7uBQa7vgW5WSaz6JPOy+wF1X0qg2NUdFbvBIPXL0cm8=": {
            "valueMac": {
              "type": "Buffer",
              "data": "cHQ3GxjwErdtro0XNkLovK+UPX66NKGOWKGNc6irIQM="
            }
          },
          "8Aja4HCW9G2mz8BCpoCP9VUrhUZdzFWeLjhPnrcyooY=": {
            "valueMac": {
              "type": "Buffer",
              "data": "NJtAQoBBRCbwDBt0JCD3CP7y8miF4qZC57efhR9P4KE="
            }
          },
          "8u+9T6YITjiWGH1v1wGMQHwVeAnVB1JqKP3TEIBHc5c=": {
            "valueMac": {
              "type": "Buffer",
              "data": "L3nvNjMWvyDqSE5iNjPZMu8fBBQdsQTBjmduNtmdr1g="
            }
          },
          "89eOYb2UplTFI7km70fUcVcBGG/0X4j+pqqmjnB+KWw=": {
            "valueMac": {
              "type": "Buffer",
              "data": "7joHlbqaiQHTcCTRlH6cw6ape+PSsxdfUoCsYXayQb8="
            }
          },
          "9P32WXNbgcCok6crRBaqqDMK9r7hsIXUUwmlYppu+QI=": {
            "valueMac": {
              "type": "Buffer",
              "data": "5P1xlXtPs/rLNxIKz18sQnYGxCiUJeofTmDMRvKC6Xc="
            }
          },
          "9QXVhwXdfJyE6uEb6NPfhfiQQ1HfwzrzjiyA0Vt28aM=": {
            "valueMac": {
              "type": "Buffer",
              "data": "LHun7IsgT324w4saaPLoFds6RccqjF4Iwu090vl89DU="
            }
          },
          "9Uc9wc5GH98WOVGSznlKDvp0+ZhfyqCjVEn2fYe9D4M=": {
            "valueMac": {
              "type": "Buffer",
              "data": "t39NJ03DW5JYfSrA02xDD1SIv+1KdMA6br5S/V2/Iyo="
            }
          },
          "9dBOUoEd0wSifuASAAOihXkW8x9JB80v0TXd1nCO0uU=": {
            "valueMac": {
              "type": "Buffer",
              "data": "9QKM/F5FZNR3NHzQtxRLqt2oeQjSS9NgNF5mKPxHeBw="
            }
          },
          "9pqNKyh5JRIyWCR5eRzTC0tVgsCs2TRkyQmNCQLD5Jg=": {
            "valueMac": {
              "type": "Buffer",
              "data": "94OYtUROq5JHMHA/pCxkTsNqqhqTjMHTfba9UShMgqk="
            }
          },
          "+txe9b6aptLdif49TnSwGlSqqYzJ7m+hQC0BiTGdJWg=": {
            "valueMac": {
              "type": "Buffer",
              "data": "spjcA1mKy//DyHuiA2fuqutpff2eaEt530c7/Gq0l1g="
            }
          },
          "+0TbpbGaRzxQW7yEPqBrKRt6dDQ6A0F0YE/vid25nSw=": {
            "valueMac": {
              "type": "Buffer",
              "data": "TlDlqZN+M8RWOOY+5Ro51PIijTaGiUVYPMo4Q+F9gkY="
            }
          },
          "/Lk0YMmfPHjGZDxm1rjr6KL5W3+CvP2StBy+40UOo/Y=": {
            "valueMac": {
              "type": "Buffer",
              "data": "oSqVvYjELW6XP6Oj5DvJHSYqKmnMm8AUAFDT46EAHmk="
            }
          },
          "/lwttPdHa2FJGwAgcCrr33QIfupcHEAWC5yfohMdlio=": {
            "valueMac": {
              "type": "Buffer",
              "data": "rxikQJqhPy1isKcDXpbBQqjdUCgayu/9gS77tV5PkqY="
            }
          },
          "/73/IQm10X6g3h6Cu5czMZeE0QspDzgEN9ODr0vvmlM=": {
            "valueMac": {
              "type": "Buffer",
              "data": "KuCA4Rm4H+nrzBAsMSJWG8rNgA3XQe+07qMyUHBnMtI="
            }
          },
          "JbStVcmYKSwHIa4GvbOeB0Y7QPU9kCcQg90cG+E5RSA=": {
            "valueMac": {
              "type": "Buffer",
              "data": "5vvvZsRIo873s2x0tEWNMVdTZbmGGNAwb+ln22Mbhas="
            }
          },
          "UE90jBxPOzuZY/3sHXTOaXYrSP0PhA3YAtpGahzSiQ8=": {
            "valueMac": {
              "type": "Buffer",
              "data": "eFNcdHWx1XWNwHq4CjmbYizdQzkwYeMJl+J2o8V3H2o="
            }
          },
          "X6UqUtJI1EGtjPhEmsmigyo+eqLKzGa7voLS6GWP36g=": {
            "valueMac": {
              "type": "Buffer",
              "data": "H8CUmayG/9VGrNaTTOazsfIhVK38nTABS+Tvu0TUQMs="
            }
          },
          "FVldb7IWCtKvINtmdmvJQsO0cHDmjja4tORnu/eNfoA=": {
            "valueMac": {
              "type": "Buffer",
              "data": "UT0exxDAJ2ZkVkUWuJfiZcY8zlDEgpNRPoBDos4AaUM="
            }
          },
          "KfhXnSItVhESspc+nbhwXJMdgHnu7J4in/SSUFdNjGc=": {
            "valueMac": {
              "type": "Buffer",
              "data": "lW0snRLtBTKKtM5dzD3h1FnprSb8iCYnPQQ842Kww7Q="
            }
          },
          "JbJYIfGQMuh13n0uMfDZ9zDVVegwCm1bac6VMBeEuzo=": {
            "valueMac": {
              "type": "Buffer",
              "data": "mjOq4CMk/llOE1qccjExboFMoIdqhIhEnrV8pMdfJPs="
            }
          },
          "iY3S9CaopqYT8JFSusj+tlZIC7Cv3a+ZJWTxoeo+810=": {
            "valueMac": {
              "type": "Buffer",
              "data": "tpf3Bchd3kK1Pl0M+9xqUFEiHCXanwcl687qZHUQSkc="
            }
          },
          "Zw3+sp4SWtc/RPMlwAt+0XWznmeH3r7cFR7JTa2sufc=": {
            "valueMac": {
              "type": "Buffer",
              "data": "fekFHIknWYMFBIGMdvKp0Q7Ia5QT4Gpa8J/l1f5vFlg="
            }
          },
          "LBzj27vQQdoaFpmmHkg6P4mGudShICuijjJgkMAVc+s=": {
            "valueMac": {
              "type": "Buffer",
              "data": "MgFnPwKUXOw6T38M97FrpJok8G5p98wvC5XXox/xQoM="
            }
          },
          "gIhND3YaRah7UUy27YcmFqp7mMBEghf9Sr4ODDa+/Ds=": {
            "valueMac": {
              "type": "Buffer",
              "data": "toGOefTafdO4ZnumN4P76MTCPTX1pEKmh4IB96r/gfE="
            }
          },
          "DNSf18miyKwnImFUcWw+AWpQY07eMfstx4Tdz3R6us8=": {
            "valueMac": {
              "type": "Buffer",
              "data": "575tpvfDuPKv947mP33ZZ42UhfJ25kkQYi6U8744pVE="
            }
          },
          "dXEdF+pjyJFOZ/LTbM/NdLeQqcjKHsD7xL0y0JEjOCE=": {
            "valueMac": {
              "type": "Buffer",
              "data": "IYBFVgSK5oPsqwkX9TeFj0deOouhc+S65KjgTBiEISg="
            }
          },
          "DKMTPp82CiIcvU35ohR/WInQQnDp/PBRR7ueCOyNT2s=": {
            "valueMac": {
              "type": "Buffer",
              "data": "glHct7zHmLc5nSkXF24MJtaa+C1v5szEYcEZRDuHDMk="
            }
          },
          "2+sElaXdfUrXS2YLRBSZJemzlk5p2uisxShOHhAZI/I=": {
            "valueMac": {
              "type": "Buffer",
              "data": "p4xbQWN8OoDDBhAm68wtQPh/riVh9/BdJ9/2r8Y6808="
            }
          },
          "2rKlO5E/2blAOdwMiWM6MguoMV3ZTl10OfabK9FPwwk=": {
            "valueMac": {
              "type": "Buffer",
              "data": "Z7I8Hx4phoX3E/XlPKLVXnZ/0oHV3pbhef/hUEByAW8="
            }
          }
        }
      },
      "regular_low": {
        "version": 2,
        "hash": {
          "type": "Buffer",
          "data": "eVodhfzWi/FCpbTtsmMSKlDnatBf0LMMaohY2n/dD/BuyyfBxQinzCC0VOUVduPHP4rK/QcFYEU+FA6ygrOSGCo8sox5N+p4fVr/s/rqSpJGrYHHrH2R6ocy8+C+EHiBLK74juNOS9PxFikHAZQGMftPa1Gj8YRsyVx0k6tvNpM="
        },
        "indexValueMap": {
          "BJcTqcUy+JObB9Nu6Unk4pUMyeGC7mmCnyBNGRHjG5g=": {
            "valueMac": {
              "type": "Buffer",
              "data": "lRlcs3HxVIaypphtfzE1XMi/sMr86049499oE5xV0d0="
            }
          },
          "YpgR+GdME4vOcmlbTq4J7nE9sLEbx5ZMDivm2ciwqc8=": {
            "valueMac": {
              "type": "Buffer",
              "data": "HuyBnF2/VucbYqGvXMCOl6VK+WVbi1SRLi4RQSgEc2I="
            }
          },
          "vQTlyKdjaf7rCBKCH8nKpPNhur3DVPgNHHmZBvaePpo=": {
            "valueMac": {
              "type": "Buffer",
              "data": "vqcX1rFqyOyYZHmAgpUf84+KXwga+ZAfoCuNYtGmzI0="
            }
          },
          "lnljQ3wlBCtz7HhbDothM73N9b1kZ78CyOqU6FcZ5uE=": {
            "valueMac": {
              "type": "Buffer",
              "data": "rr1+deaKROqXUWDbLoV7rht3s4WUF8/nYXNYFfe+U+U="
            }
          },
          "dGUmaET62h4wisUH2pMKYupo6hjwwn4d1F1RfTwn9lw=": {
            "valueMac": {
              "type": "Buffer",
              "data": "1XUp0Da61dFiJw/NmNb4FKURoREUU0BW3b69vGAJw94="
            }
          }
        }
      }
    },
    "senderKeys": {
      "120363072811404196@g.us::628813917475::0": [
        {
          "senderKeyId": 370872108,
          "senderChainKey": {
            "iteration": 9,
            "seed": "WELYyUi2sojdVrNzmjvbNq5T4OSe6i9z9vlHaSabop8="
          },
          "senderSigningKey": {
            "public": "BVuojbY7wPnSpUly3SsO5fd3ZfOZUXRChheHF1mWmag1"
          }
        }
      ],
      "120363072811404196@g.us::6283114544411:7::0": [
        {
          "senderKeyId": 1903585276,
          "senderChainKey": {
            "iteration": 10,
            "seed": "8wYlPyUCr8m61/AtDijJUnrTXiHttPxLOgjILD2/zFQ="
          },
          "senderSigningKey": {
            "public": "BSpzmlhHaWPgr7OaZYgCAOUPiLlLRzs8pm947VNQmxgl",
            "private": "wO7p6mmQltHCfizWwkkK1nhCUnegWZFaKOJIfdNwL0w="
          }
        }
      ],
      "120363072811404196@g.us::6285800160856::0": [
        {
          "senderKeyId": 408860249,
          "senderChainKey": {
            "iteration": 2,
            "seed": "vJi8+hd72fdeoELPY9qAqgbndw8sKAIAGmgzjNhxHRs="
          },
          "senderSigningKey": {
            "public": "BRFr7Q892TgvqMNK0On3TlUHeSd1QFdxpVeLyiBV1BNz"
          }
        }
      ],
      "120363028913003237@g.us::628813917475::0": [
        {
          "senderKeyId": 377285154,
          "senderChainKey": {
            "iteration": 51,
            "seed": "qAz4P8al9u+22BoTYU7nln+P+2gMAPCEoZF+iACurHg="
          },
          "senderSigningKey": {
            "public": "BS3v0nEbf0YKSrKtjLu2hGa9BdeZa+adOG3G0yt0LpQL"
          },
          "senderMessageKeys": []
        }
      ],
      "120363028913003237@g.us::6283114544411:7::0": [
        {
          "senderKeyId": 1002900129,
          "senderChainKey": {
            "iteration": 27,
            "seed": "NPReTtX0TG/rI8AZuufM3T33tvQ8VPY+fmKxJTq5FcY="
          },
          "senderSigningKey": {
            "public": "BaTx/vKjT79SYNQMqc5yFx6WQKAIdziwY7ithOe7pUYr",
            "private": "cBedjkuXpBGcNOhEcJnVMNiCY1K5H3EBwHfTP7tMa1c="
          },
          "senderMessageKeys": []
        }
      ],
      "120363028913003237@g.us::6285736283277::0": [
        {
          "senderKeyId": 485776158,
          "senderChainKey": {
            "iteration": 555,
            "seed": "GJuUvfIt5rDEWoEORQbG8N4dIfHarvRZg8tFYI+29Zw="
          },
          "senderSigningKey": {
            "public": "BdwvpWbWtx9BZl3XAw8l4lrC15vqfTimJxS747ky/7Au"
          }
        }
      ],
      "120363028913003237@g.us::6281779957671:1::0": [
        {
          "senderKeyId": 374798349,
          "senderChainKey": {
            "iteration": 190,
            "seed": "AyheTWI0tMv1M2F0zqrNk3Q5bl42SQfZ/jKzSUGIPTQ="
          },
          "senderSigningKey": {
            "public": "BU+AIE4/KX4NHMYebc4i+TBjHfHHGSkXH/wWR/djBccH"
          }
        }
      ],
      "120363028913003237@g.us::62859102802860::0": [
        {
          "senderKeyId": 1985020382,
          "senderChainKey": {
            "iteration": 153,
            "seed": "XNzB41qvCtUhpiX9I4a2iVc7cVe8T/7xophoVUvve70="
          },
          "senderSigningKey": {
            "public": "BVbmDOZsq9CqplSizp5sKy2fnlgvXoITyVu9GwuMr+VZ"
          }
        }
      ],
      "120363025484776490@g.us::6283114544411:7::0": [
        {
          "senderKeyId": 1382647351,
          "senderChainKey": {
            "iteration": 4,
            "seed": "1LEyV1mJyTszpoIijKrcwlvcB/qsKFcL/EQWKeNU1bM="
          },
          "senderSigningKey": {
            "public": "BeFCz/XjcQRxrFKPHLfLcHSO6obO4ok7rsQJTAP+33QP",
            "private": "4CzS6HtA29uiOW6FC1Fd7buyiqrDON5jgH/GKbepAUU="
          },
          "senderMessageKeys": []
        }
      ],
      "120363087145741859@g.us::6282384904453::0": [
        {
          "senderKeyId": 475054670,
          "senderChainKey": {
            "iteration": 1,
            "seed": "FECMbZPNfI2L2h5FWLbHD4/fcuKyh/br5vezLGlzxpI="
          },
          "senderSigningKey": {
            "public": "BXpzgfDnxL+wwkzPiM7AYyRWY2mTp85F3YwwzS9vGRxi"
          }
        }
      ],
      "120363087145741859@g.us::628813917475::0": [
        {
          "senderKeyId": 1404717239,
          "senderChainKey": {
            "iteration": 15,
            "seed": "GyhpeqxCViKPODbJ5dPZY6ZUL97uXzlFGh3lxHK8V+Q="
          },
          "senderSigningKey": {
            "public": "BR19aq3/1BjNPFv6zZbJuZ7mzt43jIZC+rX0YlysZ1US"
          },
          "senderMessageKeys": []
        },
        {
          "senderKeyId": 727785270,
          "senderChainKey": {
            "iteration": 15,
            "seed": "lCGVJ7e+Nkc0lbmEFGJkhYzF4Jy3ljQqVDd2y4EwcYo="
          },
          "senderSigningKey": {
            "public": "BXb1y1mskRaPvOZxDWKmV7s+brOvLC3UE+eZQ9mwlfVP"
          },
          "senderMessageKeys": []
        },
        {
          "senderKeyId": 1105586700,
          "senderChainKey": {
            "iteration": 40,
            "seed": "/zF6VdZj95NO/kMLd2u7na7mt2/nGn3+6/GDPB6pNU8="
          },
          "senderSigningKey": {
            "public": "BRb4HERRT69NkLGvK0mG+GvUrDAzy2eSGwFIuCGJt71S"
          },
          "senderMessageKeys": []
        }
      ],
      "120363087145741859@g.us::6283114544411:7::0": [
        {
          "senderKeyId": 1334463426,
          "senderChainKey": {
            "iteration": 42,
            "seed": "5WSLQJpU2fxFT0IvbCsfhiPmBF3142v2wLkrIG6dScw="
          },
          "senderSigningKey": {
            "public": "BTkq7TtWnaIGD3WJ2JyZDpJ3RplNnZWpBUNAdn2SBXln",
            "private": "QOKX1Mvjl6vMppO7h24Rcfm2ckoYlqxN2TXc41gpjXk="
          },
          "senderMessageKeys": []
        }
      ],
      "120363087145741859@g.us::6281779957671:1::0": [
        {
          "senderKeyId": 300694482,
          "senderChainKey": {
            "iteration": 7,
            "seed": "Iu5FXW5l9psGEljJRix4RD+Qcp3/CDpPgNhkTJs8u94="
          },
          "senderSigningKey": {
            "public": "BUhxPkI34GSS1+fNxy+4q1sbLBRjkLnxhg854DVfPPUh"
          }
        }
      ],
      "120363028913003237@g.us::62881037392386::0": [
        {
          "senderKeyId": 1798657912,
          "senderChainKey": {
            "iteration": 149,
            "seed": "haR1ZBfgPajZUyJuaK58baRQlYHAHmxFKaTrjAoHzrQ="
          },
          "senderSigningKey": {
            "public": "BcjONWd2PaR9X7hucFwGArJLlVunXh6457j+nifn/vJH"
          },
          "senderMessageKeys": []
        }
      ],
      "120363025484776490@g.us::628813917475::0": [
        {
          "senderKeyId": 1624551767,
          "senderChainKey": {
            "iteration": 55,
            "seed": "V0i8VfgSSeePxwHUGvWMwHNykoTi46oHlSc7A6WVa+E="
          },
          "senderSigningKey": {
            "public": "BUmvsqiXgARcHsoiroPXIoTnhb2iZbcJNSQ8Z7C6p9Bx"
          }
        }
      ],
      "120363072068468499@g.us::628813917475::0": [
        {
          "senderKeyId": 249104618,
          "senderChainKey": {
            "iteration": 33,
            "seed": "rS4fV80CE5N+UQ1YyKztijUISX7Hse/UlXEz67zDEHY="
          },
          "senderSigningKey": {
            "public": "BWZd7Oc5I6PiBac5wEk4ix2DWaWpGJ64zE815ff2Ta9j"
          }
        }
      ],
      "120363072068468499@g.us::6283114544411:7::0": [
        {
          "senderKeyId": 1446389315,
          "senderChainKey": {
            "iteration": 25,
            "seed": "ZtHONHi7veaRUWm2zDGPA6/sAbiZx9DbkTI15CHjK1A="
          },
          "senderSigningKey": {
            "public": "BS5GZV7xnAVrMK3/0AqUEJ/EL6f7PcuR+5rC1ImWYJ9b",
            "private": "mHsADRHHz24hBEveTHBNpLXTTRWOJ6hf9934aeQ6fGo="
          }
        }
      ]
    },
    "senderKeyMemory": {
      "120363072811404196@g.us": {
        "628813917475@s.whatsapp.net": true,
        "6285800160856@s.whatsapp.net": true,
        "6283114544411@s.whatsapp.net": true
      },
      "120363028913003237@g.us": {
        "628813917475@s.whatsapp.net": true,
        "62881037392386@s.whatsapp.net": true,
        "62859102802860@s.whatsapp.net": true,
        "6285736283277@s.whatsapp.net": true,
        "6283114544411@s.whatsapp.net": true,
        "6281779957671@s.whatsapp.net": true,
        "6281779957671:1@s.whatsapp.net": true,
        "62812189768918@s.whatsapp.net": true
      },
      "120363025484776490@g.us": {
        "628813917475@s.whatsapp.net": true,
        "6283114544411@s.whatsapp.net": true
      },
      "120363087145741859@g.us": {
        "628813917475@s.whatsapp.net": true,
        "6285736283277@s.whatsapp.net": true,
        "6283114544411@s.whatsapp.net": true,
        "6281779957671@s.whatsapp.net": true,
        "6281779957671:1@s.whatsapp.net": true,
        "62812189768918@s.whatsapp.net": true
      },
      "120363072068468499@g.us": {
        "6283114544411@s.whatsapp.net": true,
        "628813917475@s.whatsapp.net": true,
        "62895371122727@s.whatsapp.net": true,
        "62895340050415@s.whatsapp.net": true
      }
    }
  }
}